Kode,Perusahaan,Berdiri,Tanggal IPO,Saham Beredar,Harga,waktu_update
" AALI ",Astra Agro Lestari Tbk,"Oct 03, 1988","Dec 09, 1997","1,924,688,333","6,475",21 menit lalu
" ANDI ",Andira Agro Tbk,"Apr 28, 1995","Aug 16, 2018","9,350,000,000",50,1 jam lalu
" ANJT ",Austindo Nusantara Jaya Tbk,"Apr 16, 1993","May 08, 2013","3,354,175,000",515,25 menit lalu
" BEEF ",Estika Tata Tiara Tbk,"Feb 01, 2001","Jan 10, 2019","1,884,312,565",228,23 menit lalu
" BISI ",BISI International Tbk,"Jun 22, 1983","May 28, 2007","3,000,000,000",755,33 menit lalu
" BWPT ",Eagle High Plantations Tbk,"Nov 06, 2000","Oct 27, 2009","31,525,291,000",82,22 menit lalu
" CKRA ",Cakra Mineral Tbk,"Sep 19, 1990","May 19, 1999","5,106,021,090",76,1 hari lalu
" CSRA ",Cisadane Sawit Raya Tbk,"Oct 28, 1983","Jan 09, 2020","2,050,000,000",322,21 menit lalu
" DSFI ",Dharma Samudera Fishing Industries Tbk,"Oct 02, 1973","Mar 24, 2000","1,857,135,500",77,28 menit lalu
" DSNG ",Dharma Satya Nusantara Tbk,"Sep 29, 1980","Jun 14, 2013","10,599,842,400",340,24 menit lalu
" GOLL ",Golden Plantation Tbk,"Dec 05, 2007","Dec 23, 2014","3,665,000,759",50,1 hari lalu
" GZCO ",Gozco Plantations Tbk,"Aug 10, 2001","May 15, 2008","6,000,000,000",50,1 hari lalu
" JAWA ",Jaya Agra Wattie Tbk,"Jan 20, 1921","May 30, 2011","3,774,685,500",82,1 hari lalu
" LSIP ",PP London Sumatra Indonesia Tbk,"Dec 18, 1962","Jul 05, 1996","6,822,863,965",865,20 menit lalu
" MAGP ",Multi Agro Gemilang Plantation Tbk,"Apr 13, 2005","Jan 16, 2013","9,000,000,004",50,1 hari lalu
" MGRO ",Mahkota Group Tbk,"Jan 07, 2011","Jul 12, 2018","3,554,445,700",635,43 menit lalu
" PALM ",Provident Agro Tbk,"Nov 26, 2006","Oct 08, 2012","7,119,540,356",220,1 hari lalu
" SGRO ",Sampoerna Agro Tbk,"Jun 07, 1993","Jun 18, 2007","1,890,000,000","2,470",32 menit lalu
" SIMP ",Salim Ivomas Pratama Tbk,"Aug 12, 1992","Jun 09, 2011","15,816,310,000",244,21 menit lalu
" SMAR ",SMART Tbk,"Jun 18, 1962","Nov 20, 1992","2,872,193,366","2,470",1 minggu lalu
" BISI ",BISI International Tbk,"Jun 22, 1983","May 28, 2007","3,000,000,000",755,33 menit lalu
" CKRA ",Cakra Mineral Tbk,"Sep 19, 1990","May 19, 1999","5,106,021,090",76,1 hari lalu
" AALI ",Astra Agro Lestari Tbk,"Oct 03, 1988","Dec 09, 1997","1,924,688,333","6,475",21 menit lalu
" ANDI ",Andira Agro Tbk,"Apr 28, 1995","Aug 16, 2018","9,350,000,000",50,1 jam lalu
" ANJT ",Austindo Nusantara Jaya Tbk,"Apr 16, 1993","May 08, 2013","3,354,175,000",515,25 menit lalu
" BWPT ",Eagle High Plantations Tbk,"Nov 06, 2000","Oct 27, 2009","31,525,291,000",82,22 menit lalu
" CSRA ",Cisadane Sawit Raya Tbk,"Oct 28, 1983","Jan 09, 2020","2,050,000,000",322,21 menit lalu
" DSNG ",Dharma Satya Nusantara Tbk,"Sep 29, 1980","Jun 14, 2013","10,599,842,400",340,24 menit lalu
" GOLL ",Golden Plantation Tbk,"Dec 05, 2007","Dec 23, 2014","3,665,000,759",50,1 hari lalu
" GZCO ",Gozco Plantations Tbk,"Aug 10, 2001","May 15, 2008","6,000,000,000",50,1 hari lalu
" JAWA ",Jaya Agra Wattie Tbk,"Jan 20, 1921","May 30, 2011","3,774,685,500",82,1 hari lalu
" LSIP ",PP London Sumatra Indonesia Tbk,"Dec 18, 1962","Jul 05, 1996","6,822,863,965",865,20 menit lalu
" MAGP ",Multi Agro Gemilang Plantation Tbk,"Apr 13, 2005","Jan 16, 2013","9,000,000,004",50,1 hari lalu
" MGRO ",Mahkota Group Tbk,"Jan 07, 2011","Jul 12, 2018","3,554,445,700",635,43 menit lalu
" PALM ",Provident Agro Tbk,"Nov 26, 2006","Oct 08, 2012","7,119,540,356",220,1 hari lalu
" SGRO ",Sampoerna Agro Tbk,"Jun 07, 1993","Jun 18, 2007","1,890,000,000","2,470",32 menit lalu
" SIMP ",Salim Ivomas Pratama Tbk,"Aug 12, 1992","Jun 09, 2011","15,816,310,000",244,21 menit lalu
" SMAR ",SMART Tbk,"Jun 18, 1962","Nov 20, 1992","2,872,193,366","2,470",1 minggu lalu
" SSMS ",Sawit Sumbermas Sarana Tbk,"Nov 22, 1995","Dec 12, 2013","9,525,000,000",995,21 menit lalu
" TIRT ",Tirta Mahakam Resources Tbk,"Apr 21, 1981","Dec 13, 1999","1,011,774,750",55,1 minggu lalu
" UNSP ",Bakrie Sumatera Plantations Tbk,"May 17, 2011","Mar 06, 1990","2,500,162,344",51,21 menit lalu
" BEEF ",Estika Tata Tiara Tbk,"Feb 01, 2001","Jan 10, 2019","1,884,312,565",228,23 menit lalu
" DSFI ",Dharma Samudera Fishing Industries Tbk,"Oct 02, 1973","Mar 24, 2000","1,857,135,500",77,28 menit lalu
Tidak ada data yang ditemukan.
" SPMA ",Suparma Tbk,"Aug 25, 1976","Nov 16, 1994","2,114,570,958",278,1 jam lalu
" ADRO ",Adaro Energy Tbk,"Jul 28, 2004","Jul 16, 2008","31,985,962,000","1,085",21 menit lalu
" ANTM ",Aneka Tambang (Persero) Tbk,"Jul 05, 1968","Nov 27, 1997","24,030,764,725",535,21 menit lalu
" APEX ",Apexindo Pratama Duta Tbk,"Jun 20, 1984","Jun 05, 2013","2,659,850,000",153,1 jam lalu
" ARII ",Atlas Resources Tbk,"Jan 26, 2007","Nov 08, 2011","3,000,000,000",600,1 hari lalu
" ARTI ",Ratu Prabu Energi Tbk,"Mar 31, 1993","Apr 30, 2003","7,840,000,000",50,1 hari lalu
" BIPI ",Astrindo Nusantara Infrastruktur Tbk,"Apr 19, 2007","Feb 11, 2010","44,693,066,193",50,1 hari lalu
" BOSS ",Borneo Olah Sarana Sukses Tbk,"Jul 13, 2011","Feb 15, 2018","1,400,000,000",59,21 menit lalu
" BRMS ",Bumi Resources Minerals Tbk,"Aug 06, 2003","Dec 09, 2010","62,322,456,902",50,43 menit lalu
" BSSR ",Baramulti Suksessarana Tbk,"Oct 31, 1990","Nov 08, 2012","2,616,500,000","1,700",21 menit lalu
" BUMI ",Bumi Resources Tbk,"Jun 26, 1973","Jul 30, 1990","67,083,871,480",50,24 menit lalu
" BYAN ",Bayan Resources Tbk,"Dec 21, 2004","Aug 12, 2008","3,333,333,500","14,500",1 hari lalu
" CITA ",Cita Mineral Investindo Tbk,"Jun 27, 1992","Mar 20, 2002","3,960,361,250","1,650",1 hari lalu
" CNKO ",Exploitasi Energi Indonesia Tbk,"Sep 13, 1999","Nov 20, 2001","8,956,361,206",50,55 menit lalu
" CTTH ",Citatah Tbk,"Sep 26, 1974","Jul 03, 1996","1,230,839,821",50,48 menit lalu
" DEWA ",Darma Henwa Tbk,"Oct 08, 1991","Sep 26, 2007","21,853,733,792",50,1 hari lalu
" DKFT ",Central Omega Resources Tbk,"Feb 22, 1995","Nov 21, 1997","5,638,246,600",97,21 menit lalu
" DOID ",Delta Dunia Makmur Tbk,"Nov 26, 1990","Jun 15, 2001","8,619,817,982",126,22 menit lalu
" DSSA ",Dian Swastatika Sentosa Tbk,"Aug 02, 1996","Dec 10, 2009","770,552,320","19,750",1 hari lalu
" ELSA ",Elnusa Tbk,"Jan 25, 1969","Feb 06, 2008","7,298,500,000",212,21 menit lalu
" ENRG ",Energi Mega Persada Tbk,"Oct 26, 1988","Jun 07, 2004","10,342,179,272",50,23 menit lalu
" ADRO ",Adaro Energy Tbk,"Jul 28, 2004","Jul 16, 2008","31,985,962,000","1,085",21 menit lalu
" ARII ",Atlas Resources Tbk,"Jan 26, 2007","Nov 08, 2011","3,000,000,000",600,1 hari lalu
" BOSS ",Borneo Olah Sarana Sukses Tbk,"Jul 13, 2011","Feb 15, 2018","1,400,000,000",59,21 menit lalu
" BRMS ",Bumi Resources Minerals Tbk,"Aug 06, 2003","Dec 09, 2010","62,322,456,902",50,43 menit lalu
" BSSR ",Baramulti Suksessarana Tbk,"Oct 31, 1990","Nov 08, 2012","2,616,500,000","1,700",21 menit lalu
" BUMI ",Bumi Resources Tbk,"Jun 26, 1973","Jul 30, 1990","67,083,871,480",50,24 menit lalu
" BYAN ",Bayan Resources Tbk,"Dec 21, 2004","Aug 12, 2008","3,333,333,500","14,500",1 hari lalu
" DEWA ",Darma Henwa Tbk,"Oct 08, 1991","Sep 26, 2007","21,853,733,792",50,1 hari lalu
" DOID ",Delta Dunia Makmur Tbk,"Nov 26, 1990","Jun 15, 2001","8,619,817,982",126,22 menit lalu
" DSSA ",Dian Swastatika Sentosa Tbk,"Aug 02, 1996","Dec 10, 2009","770,552,320","19,750",1 hari lalu
" FIRE ",Alfa Energi Investama Tbk,"Feb 16, 2015","Jun 09, 2017","1,475,363,179",138,21 menit lalu
" GEMS ",Golden Energy Mines Tbk,"Mar 13, 1997","Nov 17, 2011","5,882,353,000","2,550",1 hari lalu
" GTBO ",Garda Tujuh Buana Tbk,"Jun 10, 1996","Jul 09, 2009","2,500,000,000",78,1 hari lalu
" HRUM ",Harum Energy Tbk,"Oct 12, 1995","Oct 06, 2010","2,703,620,000","1,360",21 menit lalu
" INDY ",Indika Energy Tbk,"Jan 31, 2002","Jun 11, 2008","5,210,192,000",735,22 menit lalu
" ITMG ",Indo Tambangraya Megah Tbk,"Sep 02, 1987","Dec 18, 2007","1,129,925,000","8,025",21 menit lalu
" KKGI ",Resource Alam Indonesia Tbk,"Jul 08, 1981","Jul 01, 1991","5,000,000,000",162,1 hari lalu
" MBAP ",Mitrabara Adiperdana Tbk,"May 29, 1992","Jul 10, 2014","1,227,271,952","1,600",37 menit lalu
" MYOH ",Samindo Resources Tbk,"Mar 15, 2000","Jul 27, 2000","2,206,312,500","1,190",24 menit lalu
" PTBA ",Bukit Asam Tbk,"Mar 02, 1981","Dec 23, 2002","11,520,659,250","2,020",21 menit lalu
" APEX ",Apexindo Pratama Duta Tbk,"Jun 20, 1984","Jun 05, 2013","2,659,850,000",153,1 jam lalu
" ARTI ",Ratu Prabu Energi Tbk,"Mar 31, 1993","Apr 30, 2003","7,840,000,000",50,1 hari lalu
" BIPI ",Astrindo Nusantara Infrastruktur Tbk,"Apr 19, 2007","Feb 11, 2010","44,693,066,193",50,1 hari lalu
" ELSA ",Elnusa Tbk,"Jan 25, 1969","Feb 06, 2008","7,298,500,000",212,21 menit lalu
" ENRG ",Energi Mega Persada Tbk,"Oct 26, 1988","Jun 07, 2004","10,342,179,272",50,23 menit lalu
" ESSA ",Surya Esa Perkasa Tbk,"Mar 26, 2006","Feb 01, 2012","14,300,000,000",156,25 menit lalu
" MEDC ",Medco Energi Internasional Tbk,"Jun 09, 1980","Oct 12, 1994","17,920,454,106",494,21 menit lalu
" MITI ",Mitra Investindo Tbk,"Sep 16, 1993","Jul 16, 1997","1,411,550,800",51,1 hari lalu
" MTFN ",Capitalinc Investment Tbk,"Nov 11, 1983","Apr 16, 1990","31,842,082,852",50,1 hari lalu
" PKPK ",Perdana Karya Perkasa Tbk,"Dec 07, 1983","Jul 11, 2007","600,000,000",50,1 hari lalu
" RUIS ",Radiant Utama Interinsco Tbk,"Aug 22, 1984","Jul 12, 2006","770,000,000",171,1 hari lalu
" SURE ",Super Energy Tbk,"May 31, 2011","Oct 05, 2018","1,497,576,771","2,860",1 minggu lalu
" WOWS ",Ginting Jaya Energi Tbk,"Mar 07, 2011","Nov 08, 2019","2,475,720,000",50,21 menit lalu
" ANTM ",Aneka Tambang (Persero) Tbk,"Jul 05, 1968","Nov 27, 1997","24,030,764,725",535,21 menit lalu
" CITA ",Cita Mineral Investindo Tbk,"Jun 27, 1992","Mar 20, 2002","3,960,361,250","1,650",1 hari lalu
" DKFT ",Central Omega Resources Tbk,"Feb 22, 1995","Nov 21, 1997","5,638,246,600",97,21 menit lalu
" IFSH ",Ifishdeco Tbk,"Jun 09, 1971","Dec 05, 2019","2,125,000,000",356,1 hari lalu
" INCO ",Vale Indonesia Tbk,"Jul 25, 1968","May 16, 1990","9,936,338,720","2,230",22 menit lalu
" MDKA ",Merdeka Copper Gold Tbk,"Sep 05, 2012","Jun 19, 2015","21,897,591,650","1,215",21 menit lalu
" PSAB ",J Resources Asia Pasifik Tbk,"Jan 14, 2007","Dec 01, 2007","26,460,000,000",210,21 menit lalu
" TINS ",Timah Tbk,"Apr 17, 1961","Oct 19, 1995","7,447,753,454",505,22 menit lalu
" ZINC ",Kapuas Prima Coal Tbk,"Jul 12, 2005","Oct 16, 2017","25,250,000,000",185,21 menit lalu
" CNKO ",Exploitasi Energi Indonesia Tbk,"Sep 13, 1999","Nov 20, 2001","8,956,361,206",50,55 menit lalu
" CTTH ",Citatah Tbk,"Sep 26, 1974","Jul 03, 1996","1,230,839,821",50,48 menit lalu
Tidak ada data yang ditemukan.
" ADMG ",Polychem Indonesia Tbk,"Apr 25, 1986","Oct 20, 1993","3,889,179,559",100,44 menit lalu
" AGII ",Aneka Gas Industri Tbk,"Sep 21, 1971","Sep 28, 2016","3,066,660,000",442,21 menit lalu
" AKPI ",Argha Karya Prima Industry Tbk,"Mar 07, 1980","Dec 18, 1992","680,000,000",330,1 hari lalu
" ALDO ",Alkindo Naratama Tbk,"Jan 31, 1989","Jul 12, 2011","1,100,000,000",440,1 hari lalu
" ALMI ",Alumindo Light Metal Industry Tbk,"Jun 26, 1978","Jan 02, 1997","616,000,000",184,1 hari lalu
" AMFG ",Asahimas Flat Glass Tbk,"Oct 07, 1971","Nov 08, 1995","434,000,000","2,740",41 menit lalu
" APLI ",Asiaplast Industries Tbk,"Aug 05, 1992","May 01, 2000","1,362,671,400",134,48 menit lalu
" ARNA ",Arwana Citramulia Tbk,"Feb 22, 1993","Jul 17, 2001","7,341,430,976",346,50 menit lalu
" BAJA ",Saranacentral Bajatama Tbk,"Oct 04, 1993","Dec 21, 2011","1,800,000,000",55,42 menit lalu
" BRNA ",Berlina Tbk,"May 22, 2005","Nov 06, 1989","979,110,000","1,000",1 hari lalu
" BRPT ",Barito Pacific Tbk,"Apr 04, 1979","Oct 01, 1993","89,016,620,690",965,21 menit lalu
" BTON ",Betonjaya Manunggal Tbk,"Feb 27, 1995","Jul 18, 2001","720,000,000",170,48 menit lalu
" CAKK ",Cahayaputra Asa Keramik Tbk,"Jun 29, 1995","Oct 31, 2018","1,203,300,206",50,56 menit lalu
" CPIN ",Charoen Pokphand Indonesia Tbk,"Jan 07, 1972","Mar 18, 1991","16,398,000,000","4,680",21 menit lalu
" CPRO ",Central Proteina Prima Tbk,"Apr 30, 1980","Nov 28, 2006","59,572,382,787",50,1 jam lalu
" CTBN ",Citra Tubindo Tbk,"Aug 23, 1983","Nov 28, 1989","800,371,500","2,370",1 hari lalu
" DPNS ",Duta Pertiwi Nusantara Tbk,"Mar 18, 1982","Aug 08, 1990","331,129,952",194,1 hari lalu
" EKAD ",Ekadharma International Tbk,"Nov 20, 1981","Aug 14, 1990","698,775,000",850,22 menit lalu
" ESIP ",Sinergi Inti Plastindo Tbk,"Oct 12, 2001","Nov 14, 2019","640,000,000",169,1 hari lalu
" ETWA ",Eterindo Wahanatama Tbk,"Mar 06, 1992","May 16, 1997","968,297,000",50,38 menit lalu
" INTP ",Indocement Tunggal Prakarsa Tbk,"Jan 16, 1985","Dec 05, 1989","3,681,231,699","11,650",21 menit lalu
" SMBR ",Semen Baturaja (Persero) Tbk,"Nov 14, 1974","Jun 28, 2013","9,932,534,336",246,21 menit lalu
" SMCB ",Solusi Bangun Indonesia Tbk,"Jun 15, 1971","Aug 10, 1997","7,662,900,000",810,43 menit lalu
" SMGR ",Semen Indonesia (Persero) Tbk,"Mar 25, 1953","Jul 08, 1991","5,931,520,000","7,850",21 menit lalu
" WSBP ",Waskita Beton Precast Tbk,"Oct 07, 2014","Sep 20, 2016","26,361,157,534",161,21 menit lalu
" WTON ",Wijaya Karya Beton Tbk,"Mar 11, 1997","Apr 08, 2014","8,715,466,600",260,21 menit lalu
" AMFG ",Asahimas Flat Glass Tbk,"Oct 07, 1971","Nov 08, 1995","434,000,000","2,740",41 menit lalu
" ARNA ",Arwana Citramulia Tbk,"Feb 22, 1993","Jul 17, 2001","7,341,430,976",346,50 menit lalu
" CAKK ",Cahayaputra Asa Keramik Tbk,"Jun 29, 1995","Oct 31, 2018","1,203,300,206",50,56 menit lalu
" KIAS ",Keramika Indonesia Assosiasi Tbk,"Jan 11, 2001","Dec 08, 1994","14,929,100,000",50,1 hari lalu
" MARK ",Mark Dynamics Indonesia Tbk,"Apr 10, 2002","Jul 12, 2017","3,800,000,310",346,22 menit lalu
" MLIA ",Mulia Industrindo Tbk,"Nov 15, 1986","Jan 17, 1994","1,323,000,000",610,21 menit lalu
" TOTO ",Surya Toto Indonesia Tbk,"Jul 11, 1977","Oct 30, 1990","10,320,000,000",220,46 menit lalu
" ALMI ",Alumindo Light Metal Industry Tbk,"Jun 26, 1978","Jan 02, 1997","616,000,000",184,1 hari lalu
" BAJA ",Saranacentral Bajatama Tbk,"Oct 04, 1993","Dec 21, 2011","1,800,000,000",55,42 menit lalu
" BTON ",Betonjaya Manunggal Tbk,"Feb 27, 1995","Jul 18, 2001","720,000,000",170,48 menit lalu
" CTBN ",Citra Tubindo Tbk,"Aug 23, 1983","Nov 28, 1989","800,371,500","2,370",1 hari lalu
" GDST ",Gunawan Dianjaya Steel Tbk,"Apr 08, 1989","Dec 23, 2009","9,242,500,000",56,24 menit lalu
" GGRP ",Gunung Raja Paksi Tbk,"Aug 20, 1990","Sep 19, 2019","12,111,376,157",280,1 hari lalu
" INAI ",Indal Aluminium Industry Tbk,"Jul 16, 1971","Dec 05, 1994","633,600,000",370,35 menit lalu
" ISSP ",Steel Pipe Industry of Indonesia Tbk,"Jan 30, 1971","Feb 22, 2013","7,185,992,035",146,22 menit lalu
" ITMA ",Sumber Energi Andalan Tbk,"Nov 20, 1987","Dec 10, 1990","870,701,000",302,23 menit lalu
" JKSW ",Jakarta Kyoei Steel Works Tbk,"Jan 07, 1974","Aug 06, 1997","150,000,000",60,1 hari lalu
" KRAS ",Krakatau Steel (Persero) Tbk,"Oct 27, 1971","Nov 10, 2010","19,346,396,900",172,26 menit lalu
" LION ",Lion Metal Works Tbk,"Aug 16, 1972","Aug 20, 1993","520,160,000",290,1 hari lalu
" LMSH ",Lionmesh Prima Tbk,"Dec 14, 1982","Jun 04, 1990","96,000,000",300,32 menit lalu
" NIKL ",Pelat Timah Nusantara Tbk,"Aug 19, 1982","Dec 14, 2009","2,523,350,000",450,21 menit lalu
" PICO ",Pelangi Indah Canindo Tbk,"Sep 26, 1983","Sep 23, 1996","568,375,000",350,32 menit lalu
" PURE ",Trinitan Metals and Minerals Tbk,"Jun 09, 2009","Oct 09, 2019","1,333,333,500",115,21 menit lalu
" TBMS ",Tembaga Mulia Semanan Tbk,"Feb 03, 1977","Sep 30, 1993","367,340,000",690,1 minggu lalu
" ADMG ",Polychem Indonesia Tbk,"Apr 25, 1986","Oct 20, 1993","3,889,179,559",100,44 menit lalu
" AGII ",Aneka Gas Industri Tbk,"Sep 21, 1971","Sep 28, 2016","3,066,660,000",442,21 menit lalu
" BRPT ",Barito Pacific Tbk,"Apr 04, 1979","Oct 01, 1993","89,016,620,690",965,22 menit lalu
" DPNS ",Duta Pertiwi Nusantara Tbk,"Mar 18, 1982","Aug 08, 1990","331,129,952",194,1 hari lalu
" EKAD ",Ekadharma International Tbk,"Nov 20, 1981","Aug 14, 1990","698,775,000",850,22 menit lalu
" ETWA ",Eterindo Wahanatama Tbk,"Mar 06, 1992","May 16, 1997","968,297,000",50,38 menit lalu
" INCI ",Intanwijaya Internasional Tbk,"Apr 23, 1982","Jul 24, 1990","196,121,237",370,1 hari lalu
" MDKI ",Emdeki Utama Tbk,"Mar 17, 1981","Sep 25, 2017","2,530,150,002",169,25 menit lalu
" MOLI ",Madusari Murni Indah Tbk,"Jul 24, 1959","Aug 30, 2018","2,334,888,498","1,130",1 hari lalu
" SRSN ",Indo Acidatama Tbk,"Dec 07, 1982","Jan 11, 1993","6,020,000,000",65,25 menit lalu
" TDPM ",Tridomain Performance Materials Tbk,"Dec 16, 2003","Apr 09, 2018","10,485,050,500",150,34 menit lalu
" TPIA ",Chandra Asri Petrochemical Tbk,"Nov 02, 1984","May 26, 2008","17,833,520,260","7,300",21 menit lalu
" UNIC ",Unggul Indah Cahaya Tbk,"Feb 07, 1983","Nov 06, 1989","383,331,363","2,900",1 minggu lalu
" AKPI ",Argha Karya Prima Industry Tbk,"Mar 07, 1980","Dec 18, 1992","680,000,000",330,1 hari lalu
" APLI ",Asiaplast Industries Tbk,"Aug 05, 1992","May 01, 2000","1,362,671,400",134,48 menit lalu
" BRNA ",Berlina Tbk,"May 22, 2005","Nov 06, 1989","979,110,000","1,000",1 hari lalu
" ESIP ",Sinergi Inti Plastindo Tbk,"Oct 12, 2001","Nov 14, 2019","640,000,000",169,1 hari lalu
" FPNI ",Lotte Chemical Titan Tbk,"Dec 09, 1987","Mar 21, 2002","5,566,414,000",82,36 menit lalu
" IGAR ",Champion Pacific Indonesia Tbk,"Oct 30, 1975","Nov 05, 1990","972,204,500",220,55 menit lalu
" IMPC ",Impack Pratama Industri Tbk,"Jan 26, 1981","Dec 17, 2014","4,833,500,000","1,060",49 menit lalu
" IPOL ",Indopoly Swakarsa Industry Tbk,"Mar 24, 1995","Jul 09, 2010","6,443,379,509",61,22 menit lalu
" PBID ",Panca Budi Idaman Tbk,"Jan 10, 1990","Dec 13, 2017","1,875,000,000",920,1 jam lalu
" SMKL ",Satyamitra Kemas Lestari Tbk,"Jul 26, 2001","Jul 11, 2019","3,400,000,005",172,28 menit lalu
" TALF ",Tunas Alfin Tbk,"May 06, 1977","Jan 17, 2014","1,353,435,000",236,1 minggu lalu
" TRST ",Trias Sentosa Tbk,"Nov 23, 1979","Jul 02, 1990","2,808,000,000",330,1 minggu lalu
" YPAS ",Yanaprima Hastapersada Tbk,"Dec 14, 1992","Mar 05, 2008","668,000,089",226,1 minggu lalu
" CPIN ",Charoen Pokphand Indonesia Tbk,"Jan 07, 1972","Mar 18, 1991","16,398,000,000","4,680",21 menit lalu
" CPRO ",Central Proteina Prima Tbk,"Apr 30, 1980","Nov 28, 2006","59,572,382,787",50,1 jam lalu
" JPFA ",Japfa Comfeed Indonesia Tbk,"Jan 18, 1971","Oct 23, 1989","11,726,575,201",930,21 menit lalu
" MAIN ",Malindo Feedmill Tbk,"Jun 10, 1997","Feb 10, 2006","2,238,750,000",490,21 menit lalu
" SIPD ",Sierad Produce Tbk,"Sep 06, 1985","Dec 27, 1996","1,339,102,579",770,1 minggu lalu
" IFII ",Indonesia Fibreboard Industry Tbk,"Sep 24, 2007","Dec 10, 2019","9,412,000,000",136,38 menit lalu
" SINI ",Singaraja Putra Tbk,"Sep 23, 2005","Nov 08, 2019","450,000,000","1,370",1 minggu lalu
" SULI ",SLJ Global Tbk,"Apr 14, 1980","Mar 21, 1994","3,986,916,802",50,25 menit lalu
" ALDO ",Alkindo Naratama Tbk,"Jan 31, 1989","Jul 12, 2011","1,100,000,000",440,1 hari lalu
" FASW ",Fajar Surya Wisesa Tbk,"Jun 13, 1987","Dec 01, 1994","2,477,888,787","6,900",1 hari lalu
" INKP ",Indah Kiat Pulp & Paper Tbk,"Dec 07, 1976","Jul 16, 1990","5,470,982,941","5,000",21 menit lalu
" INRU ",Toba Pulp Lestari Tbk,"Apr 26, 1983","Jun 18, 1990","1,388,883,283",900,1 hari lalu
" KBRI ",Kertas Basuki Rachmat Indonesia Tbk,"Oct 12, 1979","Jul 11, 2008","8,687,995,734",50,1 hari lalu
" SWAT ",Sriwahana Adityakarta Tbk,"Jun 08, 1990","Jun 08, 2018","3,019,200,000",97,35 menit lalu
" TKIM ",Pabrik Kertas Tjiwi Kimia Tbk,"Oct 02, 1972","Apr 03, 1990","3,113,223,570","5,000",21 menit lalu
" INCF ",Indo Komoditi Korpora Tbk,"Feb 23, 1982","Sep 06, 2016","1,438,370,465",50,29 menit lalu
" INOV ",Inocycle Technology Group Tbk,"Jul 07, 2001","Jul 10, 2019","1,808,221,900",302,1 hari lalu
" KMTR ",Kirana Megatara Tbk,"Oct 27, 1951","Jun 19, 2017","8,215,366,379",266,1 hari lalu
" AMIN ",Ateliers Mecaniques D'Indonesie Tbk,"Mar 24, 1972","Dec 10, 2015","1,080,000,000",396,42 menit lalu
" ARGO ",Argo Pantes Tbk,"Jul 12, 1977","Jan 07, 1991","335,557,450",825,1 hari lalu
" ARKA ",Arkha Jayanti Persada Tbk,"Nov 24, 1999","Jul 10, 2019","2,000,000,000","1,400",1 hari lalu
" ASII ",Astra International Tbk,"Feb 20, 1957","Apr 04, 1990","40,483,553,140","3,910",21 menit lalu
" BATA ",Sepatu Bata Tbk,"Oct 15, 1931","Mar 24, 1982","1,300,000,000",625,1 jam lalu
" BELL ",Trisula Textile Industries Tbk,"Jan 11, 1971","Oct 03, 2017","1,450,000,000",600,1 hari lalu
" BIMA ",Primarindo Asia Infrastructure Tbk,"Jul 01, 1988","Aug 30, 1994","608,175,716",50,1 hari lalu
" BOLT ",Garuda Metalindo Tbk,"Mar 15, 1982","Jul 07, 2015","2,343,750,000",760,1 hari lalu
" BRAM ",Indo Kordsa Tbk,"Jul 08, 1981","Sep 05, 1990","450,000,000","3,950",1 hari lalu
" CCSI ",Communication Cable Systems Indonesia Tbk,"Oct 11, 1995","Jun 18, 2019","1,000,000,000",228,23 menit lalu
" CNTX ",Century Textile Industry Tbk,"May 22, 1970","May 22, 1979","70,000,000",244,1 hari lalu
" DVLA ",Darya-Varia Laboratoria Tbk,"Feb 05, 1976","Nov 11, 1994","1,120,000,000","2,100",39 menit lalu
" ERTX ",Eratex Djaja Tbk,"Oct 12, 1972","Aug 21, 1990","1,286,539,792",125,25 menit lalu
" ESTI ",Ever Shine Tex Tbk,"Dec 11, 1973","Oct 13, 1992","2,015,208,720",50,1 hari lalu
" GDYR ",Goodyear Indonesia Tbk,"Jan 26, 1917","Dec 01, 1980","410,000,000","1,410",1 hari lalu
" GMFI ",Garuda Maintenance Facility Aero Asia Tbk,"Apr 26, 2002","Oct 10, 2017","28,233,511,500",78,21 menit lalu
" HDTX ",Panasia Indo Resources Tbk,"Apr 06, 1973","Jun 06, 1990","3,601,462,800",120,1 hari lalu
" IKBI ",Sumi Indo Kabel Tbk,"Jul 23, 1981","Jan 21, 1991","1,224,000,000",232,1 hari lalu
" INDR ",Indorama Synthetics Tbk,"Apr 03, 1974","Aug 03, 1990","654,351,707","2,150",59 menit lalu
" JECC ",Jembo Cable Company Tbk,"Apr 17, 1973","Nov 18, 1992","151,200,000","7,000",1 jam lalu
" AMIN ",Ateliers Mecaniques D'Indonesie Tbk,"Mar 24, 1972","Dec 10, 2015","1,080,000,000",396,42 menit lalu
" ARKA ",Arkha Jayanti Persada Tbk,"Nov 24, 1999","Jul 10, 2019","2,000,000,000","1,400",1 hari lalu
" GMFI ",Garuda Maintenance Facility Aero Asia Tbk,"Apr 26, 2002","Oct 10, 2017","28,233,511,500",78,21 menit lalu
" KPAL ",Steadfast Marine Tbk,"Aug 06, 2005","Jun 08, 2018","1,069,009,400",109,25 menit lalu
" KRAH ",Grand Kartech Tbk,"Aug 18, 1990","Nov 08, 2013","971,190,000",370,35 menit lalu
" ASII ",Astra International Tbk,"Feb 20, 1957","Apr 04, 1990","40,483,553,140","3,910",21 menit lalu
" BOLT ",Garuda Metalindo Tbk,"Mar 15, 1982","Jul 07, 2015","2,343,750,000",760,1 hari lalu
" BRAM ",Indo Kordsa Tbk,"Jul 08, 1981","Sep 05, 1990","450,000,000","3,950",1 hari lalu
" GDYR ",Goodyear Indonesia Tbk,"Jan 26, 1917","Dec 01, 1980","410,000,000","1,410",1 hari lalu
" ARGO ",Argo Pantes Tbk,"Jul 12, 1977","Jan 07, 1991","335,557,450",825,1 hari lalu
" BELL ",Trisula Textile Industries Tbk,"Jan 11, 1971","Oct 03, 2017","1,450,000,000",600,1 hari lalu
" CNTX ",Century Textile Industry Tbk,"May 22, 1970","May 22, 1979","70,000,000",244,1 hari lalu
" ESTI ",Ever Shine Tex Tbk,"Dec 11, 1973","Oct 13, 1992","2,015,208,720",50,1 hari lalu
" INDR ",Indorama Synthetics Tbk,"Apr 03, 1974","Aug 03, 1990","654,351,707","2,150",59 menit lalu
" MYTX ",Asia Pacific Investama Tbk,"Feb 10, 1987","Oct 10, 1989","7,747,281,949",50,1 jam lalu
" PBRX ",Pan Brothers Tbk,"Aug 21, 1980","Aug 16, 1990","6,478,295,611",226,24 menit lalu
" POLU ",Golden Flower Tbk,"Mar 07, 1989","Jun 26, 2019","750,000,000","1,605",1 hari lalu
" POLY ",Asia Pacific Fibers Tbk,"Jan 11, 2001","Mar 12, 1991","2,495,753,334",50,48 menit lalu
" RDTX ",Roda Vivatex Tbk,"Sep 27, 1980","May 14, 1990","268,800,000","4,800",1 hari lalu
" RICY ",Ricky Putra Globalindo Tbk,"Dec 22, 1987","Jan 22, 1998","641,717,510",127,48 menit lalu
" SRIL ",Sri Rejeki Isman Tbk,"May 22, 1978","Jun 17, 2013","20,452,176,844",165,21 menit lalu
" SSTM ",Sunson Textile Manufacturer Tbk,"Nov 18, 1972","Aug 20, 1997","1,170,909,181",480,1 minggu lalu
" STAR ",Buana Artha Anugerah Tbk,"May 19, 2008","Jul 13, 2011","4,800,000,602",134,32 menit lalu
" TFCO ",Tifico Fiber Indonesia Tbk,"Oct 25, 1973","Feb 26, 1980","4,823,076,400",250,1 minggu lalu
" TRIS ",Trisula International Tbk,"Dec 13, 2004","Jun 28, 2012","3,141,443,806",298,1 minggu lalu
" UCID ",Uni-Charm Indonesia Tbk,"Jun 05, 1997","Dec 20, 2019","4,156,572,300","1,050",1 minggu lalu
" ZONE ",Mega Perintis Tbk,"Oct 21, 2005","Dec 12, 2018","870,171,478",424,51 menit lalu
" BATA ",Sepatu Bata Tbk,"Oct 15, 1931","Mar 24, 1982","1,300,000,000",625,1 jam lalu
" BIMA ",Primarindo Asia Infrastructure Tbk,"Jul 01, 1988","Aug 30, 1994","608,175,716",50,1 hari lalu
" CCSI ",Communication Cable Systems Indonesia Tbk,"Oct 11, 1995","Jun 18, 2019","1,000,000,000",228,23 menit lalu
" IKBI ",Sumi Indo Kabel Tbk,"Jul 23, 1981","Jan 21, 1991","1,224,000,000",232,1 hari lalu
" JECC ",Jembo Cable Company Tbk,"Apr 17, 1973","Nov 18, 1992","151,200,000","7,000",1 jam lalu
" KBLI ",KMI Wire and Cable Tbk,"Jan 19, 1972","Jul 06, 1992","4,007,235,107",418,29 menit lalu
" KBLM ",Kabelindo Murni Tbk,"Oct 11, 1979","Jun 01, 1992","1,120,000,000",250,1 jam lalu
" SCCO ",Supreme Cable Manufacturing & Commerce Tbk,"Nov 09, 1970","Jul 20, 1982","205,583,400","9,100",1 minggu lalu
" VOKS ",Voksel Electric Tbk,"Apr 19, 1971","Dec 20, 1990","4,155,602,595",270,1 jam lalu
" JSKY ",Sky Energy Indonesia Tbk,"Jul 04, 2008","Mar 28, 2018","2,032,540,000",106,22 menit lalu
" PTSN ",Sat Nusapersada Tbk,"Jun 01, 1990","Nov 08, 2007","5,314,344,000",180,26 menit lalu
" SLIS ",Gaya Abadi Sempurna Tbk,"Sep 26, 1996","Oct 07, 2019","2,000,000,000","4,670",1 minggu lalu
" DVLA ",Darya-Varia Laboratoria Tbk,"Feb 05, 1976","Nov 11, 1994","1,120,000,000","2,100",39 menit lalu
" ERTX ",Eratex Djaja Tbk,"Oct 12, 1972","Aug 21, 1990","1,286,539,792",125,26 menit lalu
" HDTX ",Panasia Indo Resources Tbk,"Apr 06, 1973","Jun 06, 1990","3,601,462,800",120,1 hari lalu
" MERK ",Merck Tbk,"Oct 14, 1970","Jul 23, 1981","448,000,000","1,890",30 menit lalu
" SCPI ",Merck Sharp Dohme Pharma Tbk,"Mar 07, 1972","Jun 08, 1990","3,600,000","29,000",1 minggu lalu
" TSPC ",Tempo Scan Pacific Tbk,"May 20, 1970","Jun 17, 1994","4,500,000,000","1,140",38 menit lalu
" ADES ",Akasha Wira International Tbk,"Mar 06, 1985","Jun 13, 1994","589,896,800",765,40 menit lalu
" AISA ",Tiga Pilar Sejahtera Food Tbk,"Jan 26, 1990","Jun 11, 1997","4,787,500,000",168,1 hari lalu
" ALTO ",Tri Banyan Tirta Tbk,"Jun 03, 1997","Jul 10, 2012","2,191,870,558",400,1 hari lalu
" BTEK ",Bumi Teknokultura Unggul Tbk,"Jun 06, 2001","May 14, 2004","46,277,496,376",50,58 menit lalu
" BUDI ",Budi Starch & Sweetener Tbk,"Jan 15, 1979","May 08, 1995","4,498,997,362",88,1 jam lalu
" CAMP ",Campina Ice Cream Industry Tbk,"Jul 22, 1972","Dec 19, 2017","5,885,000,000",202,22 menit lalu
" CEKA ",Wilmar Cahaya Indonesia Tbk,"Feb 03, 1968","Jul 09, 1996","595,000,000","1,400",30 menit lalu
" CINT ",Chitose Internasional Tbk,"Jun 15, 1978","Jun 27, 2014","1,000,000,000",278,27 menit lalu
" CLEO ",Sariguna Primatirta Tbk,"Mar 10, 1988","May 05, 2017","12,000,000,000",410,23 menit lalu
" COCO ",Wahana Interfood Nusantara Tbk,"Feb 15, 2006","Mar 20, 2019","560,243,338",880,1 hari lalu
" DLTA ",Delta Djakarta Tbk,"Jun 15, 1970","Feb 12, 1984","800,659,050","4,850",1 hari lalu
" DMND ",Diamond Food Indonesia Tbk,"Feb 03, 1995","Jan 22, 2020","9,468,359,000",965,56 menit lalu
" FOOD ",Sentra Food Indonesia Tbk,"Jun 28, 2004","Jan 08, 2019","650,000,000",82,21 menit lalu
" GGRM ",Gudang Garam Tbk,"Jun 26, 1958","Aug 27, 1990","1,924,088,000","47,000",22 menit lalu
" GOOD ",Garudafood Putra Putri Jaya Tbk,"Aug 24, 1994","Oct 10, 2018","7,379,580,291","1,170",22 menit lalu
" HMSP ",Hanjaya Mandala Sampoerna Tbk,"Mar 27, 2005","Aug 15, 1990","116,318,076,900","1,635",21 menit lalu
" HOKI ",Buyung Poetra Sembada Tbk,"Sep 16, 2003","Jun 22, 2017","2,386,305,700",730,23 menit lalu
" HRTA ",Hartadinata Abadi Tbk,"Mar 29, 2004","Jun 21, 2017","4,605,262,400",260,27 menit lalu
" ICBP ",Indofood CBP Sukses Makmur Tbk,"Sep 02, 2009","Oct 07, 2010","11,661,908,000","9,950",22 menit lalu
" IIKP ",Inti Agri Resources Tbk,"Mar 16, 1999","Oct 20, 2002","33,600,000,000",50,1 hari lalu
" ADES ",Akasha Wira International Tbk,"Mar 06, 1985","Jun 13, 1994","589,896,800",765,40 menit lalu
" AISA ",Tiga Pilar Sejahtera Food Tbk,"Jan 26, 1990","Jun 11, 1997","4,787,500,000",168,1 hari lalu
" ALTO ",Tri Banyan Tirta Tbk,"Jun 03, 1997","Jul 10, 2012","2,191,870,558",400,1 hari lalu
" BTEK ",Bumi Teknokultura Unggul Tbk,"Jun 06, 2001","May 14, 2004","46,277,496,376",50,58 menit lalu
" BUDI ",Budi Starch & Sweetener Tbk,"Jan 15, 1979","May 08, 1995","4,498,997,362",88,1 jam lalu
" CAMP ",Campina Ice Cream Industry Tbk,"Jul 22, 1972","Dec 19, 2017","5,885,000,000",202,22 menit lalu
" CEKA ",Wilmar Cahaya Indonesia Tbk,"Feb 03, 1968","Jul 09, 1996","595,000,000","1,400",30 menit lalu
" CLEO ",Sariguna Primatirta Tbk,"Mar 10, 1988","May 05, 2017","12,000,000,000",410,23 menit lalu
" COCO ",Wahana Interfood Nusantara Tbk,"Feb 15, 2006","Mar 20, 2019","560,243,338",880,1 hari lalu
" DLTA ",Delta Djakarta Tbk,"Jun 15, 1970","Feb 12, 1984","800,659,050","4,850",1 hari lalu
" DMND ",Diamond Food Indonesia Tbk,"Feb 03, 1995","Jan 22, 2020","9,468,359,000",965,56 menit lalu
" FOOD ",Sentra Food Indonesia Tbk,"Jun 28, 2004","Jan 08, 2019","650,000,000",82,21 menit lalu
" GOOD ",Garudafood Putra Putri Jaya Tbk,"Aug 24, 1994","Oct 10, 2018","7,379,580,291","1,170",22 menit lalu
" HOKI ",Buyung Poetra Sembada Tbk,"Sep 16, 2003","Jun 22, 2017","2,386,305,700",730,23 menit lalu
" ICBP ",Indofood CBP Sukses Makmur Tbk,"Sep 02, 2009","Oct 07, 2010","11,661,908,000","9,950",22 menit lalu
" IIKP ",Inti Agri Resources Tbk,"Mar 16, 1999","Oct 20, 2002","33,600,000,000",50,1 hari lalu
" IKAN ",Era Mandiri Cemerlang Tbk,"Nov 14, 2000","Feb 12, 2020","833,333,000",236,24 menit lalu
" INDF ",Indofood Sukses Makmur Tbk,"Aug 14, 1990","Jul 14, 1994","8,780,426,500","6,400",22 menit lalu
" KEJU ",Mulia Boga Raya Tbk,"Aug 25, 2006","Nov 25, 2019","1,500,000,000",770,1 hari lalu
" MGNA ",Magna Investama Mandiri Tbk,"Mar 09, 1984","Jul 07, 2014","1,003,080,977",50,1 hari lalu
" GGRM ",Gudang Garam Tbk,"Jun 26, 1958","Aug 27, 1990","1,924,088,000","47,000",22 menit lalu
" HMSP ",Hanjaya Mandala Sampoerna Tbk,"Mar 27, 2005","Aug 15, 1990","116,318,076,900","1,635",21 menit lalu
" ITIC ",Indonesian Tobacco Tbk,"May 16, 1955","Jul 04, 2019","940,720,000","4,190",21 menit lalu
" RMBA ",Bentoel Internasional Investama Tbk,"Jan 19, 1979","Mar 05, 1990","36,401,136,250",260,35 menit lalu
" WIIM ",Wismilak Inti Makmur Tbk,"Dec 14, 1994","Dec 18, 2012","2,099,873,760",105,22 menit lalu
" INAF ",Indofarma (Persero) Tbk,"Jan 02, 1996","Apr 17, 2001","3,099,267,500","1,185",22 menit lalu
" KAEF ",Kimia Farma (Persero) Tbk,"Jan 23, 1969","Jul 04, 2001","5,554,000,000","1,370",22 menit lalu
" KLBF ",Kalbe Farma Tbk,"Sep 10, 1966","Jul 30, 1991","46,875,122,110","1,195",22 menit lalu
" PEHA ",Phapros Tbk,"Jun 21, 1954","Dec 26, 2018","840,000,000",940,1 hari lalu
" PYFA ",Pyridam Farma Tbk,"Nov 27, 1976","Oct 16, 2001","535,080,000",173,1 hari lalu
" SIDO ",Industri Jamu dan Farmasi Sido Muncul Tbk,"Mar 18, 1975","Dec 18, 2013","15,000,000,000","1,230",21 menit lalu
" KINO ",Kino Indonesia Tbk,"Mar 24, 1972","Dec 11, 2015","1,428,571,500","2,130",21 menit lalu
" KPAS ",Cottonindo Ariesta Tbk,"Sep 02, 1993","Oct 05, 2018","768,042,782",50,1 jam lalu
" MBTO ",Martina Berto Tbk,"Jun 01, 1977","Jan 13, 2011","1,070,000,000",72,30 menit lalu
" MRAT ",Mustika Ratu Tbk,"Mar 14, 1978","Jul 27, 1995","428,000,000",133,27 menit lalu
" TCID ",Mandom Indonesia Tbk,"Nov 05, 1969","Sep 23, 1993","201,066,667","9,500",1 minggu lalu
" UNVR ",Unilever Indonesia Tbk,"Dec 05, 1933","Jan 11, 1982","38,150,000,000","7,050",22 menit lalu
" CINT ",Chitose Internasional Tbk,"Jun 15, 1978","Jun 27, 2014","1,000,000,000",278,28 menit lalu
" KDSI ",Kedawung Setia Industrial Tbk,"Jan 09, 1973","Jul 29, 1996","405,000,000",710,32 menit lalu
" KICI ",Kedaung Indah Can Tbk,"Jan 11, 1974","Oct 28, 1993","276,000,000",220,1 hari lalu
" LMPI ",Langgeng Makmur Industri Tbk,"Nov 30, 1972","Oct 17, 1994","1,008,517,669",90,1 jam lalu
" WOOD ",Integra Indocabinet Tbk,"May 19, 1989","Jun 21, 2017","6,306,250,000",292,27 menit lalu
" HRTA ",Hartadinata Abadi Tbk,"Mar 29, 2004","Jun 21, 2017","4,605,262,400",260,27 menit lalu
" ACST ",Acset Indonusa Tbk,"Jan 10, 1995","Jun 24, 2013","700,000,000",340,21 menit lalu
" ADHI ",Adhi Karya (Persero) Tbk,"Mar 11, 1960","Mar 18, 2004","3,560,849,376",600,22 menit lalu
" AMAN ",Makmur Berkah Amanda Tbk,"May 31, 1996","Mar 13, 2020","3,873,500,000",212,1 hari lalu
" APLN ",Agung Podomoro Land Tbk,"Jul 30, 2004","Nov 11, 2010","22,699,326,779",112,23 menit lalu
" ARMY ",Armidian Karyatama Tbk,"Aug 06, 1994","Jun 21, 2017","9,006,250,000",50,1 hari lalu
" ASPI ",Andalan Sakti Primaindo Tbk,"Nov 13, 2012","Feb 17, 2020","680,000,000",378,1 hari lalu
" ASRI ",Alam Sutera Realty Tbk,"Nov 03, 1993","Dec 18, 2007","19,649,411,888",119,22 menit lalu
" BAPA ",Bekasi Asri Pemula Tbk,"Oct 22, 1993","Jan 14, 2008","661,784,520",50,1 hari lalu
" BAPI ",Bhakti Agung Propertindo Tbk,"Jul 20, 2012","Sep 16, 2019","5,591,740,000",50,52 menit lalu
" BCIP ",Bumi Citra Permai Tbk,"May 03, 2000","Dec 11, 2009","1,429,915,525",50,1 hari lalu
" BEST ",Bekasi Fajar Industrial Estate Tbk,"Aug 24, 1989","Apr 10, 2012","9,647,311,150",124,21 menit lalu
" BIKA ",Binakarya Jaya Abadi Tbk,"Nov 28, 2007","Jul 14, 2015","592,280,000",206,1 hari lalu
" BIPP ",Bhuwanatala Indah Permai Tbk,"Dec 21, 1981","Oct 23, 1995","5,028,669,338",50,1 hari lalu
" BKDP ",Bukit Darmo Property Tbk,"Jul 12, 1989","Jun 15, 2007","7,513,992,252",51,1 jam lalu
" BKSL ",Sentul City Tbk,"Apr 16, 1993","Jul 28, 1997","67,083,560,982",50,22 menit lalu
" BSDE ",Bumi Serpong Damai Tbk,"Jan 16, 1984","Jun 06, 2008","19,246,696,192",810,21 menit lalu
" CITY ",Natura City Developments Tbk,"Sep 29, 2011","Sep 28, 2018","5,402,681,845",57,39 menit lalu
" COWL ",Cowell Development Tbk,"Mar 25, 1981","Dec 19, 2007","4,871,214,021",50,1 hari lalu
" CPRI ",Capri Nusa Satu Properti Tbk,"Oct 05, 2011","Apr 11, 2019","2,433,375,005",50,1 jam lalu
" CSIS ",Cahayasakti Investindo Sukses Tbk,"Jun 02, 1995","May 10, 2017","1,307,000,000",50,26 menit lalu
" AMAN ",Makmur Berkah Amanda Tbk,"May 31, 1996","Mar 13, 2020","3,873,500,000",212,1 hari lalu
" APLN ",Agung Podomoro Land Tbk,"Jul 30, 2004","Nov 11, 2010","22,699,326,779",112,23 menit lalu
" ARMY ",Armidian Karyatama Tbk,"Aug 06, 1994","Jun 21, 2017","9,006,250,000",50,1 hari lalu
" ASPI ",Andalan Sakti Primaindo Tbk,"Nov 13, 2012","Feb 17, 2020","680,000,000",378,1 hari lalu
" ASRI ",Alam Sutera Realty Tbk,"Nov 03, 1993","Dec 18, 2007","19,649,411,888",119,22 menit lalu
" BAPA ",Bekasi Asri Pemula Tbk,"Oct 22, 1993","Jan 14, 2008","661,784,520",50,1 hari lalu
" BAPI ",Bhakti Agung Propertindo Tbk,"Jul 20, 2012","Sep 16, 2019","5,591,740,000",50,52 menit lalu
" BCIP ",Bumi Citra Permai Tbk,"May 03, 2000","Dec 11, 2009","1,429,915,525",50,1 hari lalu
" BEST ",Bekasi Fajar Industrial Estate Tbk,"Aug 24, 1989","Apr 10, 2012","9,647,311,150",124,21 menit lalu
" BIKA ",Binakarya Jaya Abadi Tbk,"Nov 28, 2007","Jul 14, 2015","592,280,000",206,1 hari lalu
" BIPP ",Bhuwanatala Indah Permai Tbk,"Dec 21, 1981","Oct 23, 1995","5,028,669,338",50,1 hari lalu
" BKDP ",Bukit Darmo Property Tbk,"Jul 12, 1989","Jun 15, 2007","7,513,992,252",51,1 jam lalu
" BKSL ",Sentul City Tbk,"Apr 16, 1993","Jul 28, 1997","67,083,560,982",50,22 menit lalu
" BSDE ",Bumi Serpong Damai Tbk,"Jan 16, 1984","Jun 06, 2008","19,246,696,192",810,21 menit lalu
" CITY ",Natura City Developments Tbk,"Sep 29, 2011","Sep 28, 2018","5,402,681,845",57,39 menit lalu
" COWL ",Cowell Development Tbk,"Mar 25, 1981","Dec 19, 2007","4,871,214,021",50,1 hari lalu
" CPRI ",Capri Nusa Satu Properti Tbk,"Oct 05, 2011","Apr 11, 2019","2,433,375,005",50,1 jam lalu
" CTRA ",Ciputra Development Tbk,"Oct 22, 1981","Mar 28, 1994","18,560,303,397",580,22 menit lalu
" DADA ",Diamond Citra Propertindo Tbk,"Dec 29, 2014","Feb 14, 2020","7,177,000,000",352,22 menit lalu
" DART ",Duta Anggada Realty Tbk,"Dec 30, 1983","May 08, 1990","3,141,390,962",308,1 hari lalu
" ACST ",Acset Indonusa Tbk,"Jan 10, 1995","Jun 24, 2013","700,000,000",340,21 menit lalu
" ADHI ",Adhi Karya (Persero) Tbk,"Mar 11, 1960","Mar 18, 2004","3,560,849,376",600,22 menit lalu
" CSIS ",Cahayasakti Investindo Sukses Tbk,"Jun 02, 1995","May 10, 2017","1,307,000,000",50,26 menit lalu
" DGIK ",Nusa Konstruksi Enjiniring Tbk,"Jan 11, 1982","Dec 19, 2007","5,541,165,000",50,1 hari lalu
" IDPR ",Indonesia Pondasi Raya Tbk,"Oct 21, 1977","Dec 10, 2015","2,003,000,000",200,1 hari lalu
" JKON ",Jaya Konstruksi Manggala Pratama Tbk,"Jan 01, 1961","Dec 04, 2007","16,308,519,860",420,1 hari lalu
" MTRA ",Mitra Pemuda Tbk,"Aug 21, 1980","Feb 10, 2016","770,000,000",244,1 hari lalu
" NRCA ",Nusa Raya Cipta Tbk,"Sep 17, 1975","Jun 27, 2013","2,496,258,344",272,22 menit lalu
" PBSA ",Paramita Bangun Sarana Tbk,"Nov 27, 2002","Sep 28, 2016","1,500,000,000",750,1 hari lalu
" PTPP ",PP (Persero) Tbk,"Mar 29, 1961","Feb 09, 2010","6,199,897,354",715,22 menit lalu
" SKRN ",Superkrane Mitra Utama Tbk,"Mar 27, 1996","Oct 11, 2018","1,500,000,000",400,1 minggu lalu
" TAMA ",Lancartama Sejati Tbk,"Jun 01, 1990","Feb 10, 2020","1,000,000,000",148,21 menit lalu
" TOPS ",Totalindo Eka Persada Tbk,"Oct 31, 1996","Jun 16, 2017","33,330,000,000",50,48 menit lalu
" TOTL ",Total Bangun Persada Tbk,"Sep 04, 1970","Jul 25, 2006","3,410,000,000",290,22 menit lalu
" WEGE ",Wijaya Karya Bangunan Gedung Tbk,"Oct 24, 2008","Nov 30, 2017","9,572,000,000",199,23 menit lalu
" WIKA ",Wijaya Karya (Persero) Tbk,"Mar 11, 1960","Oct 29, 2007","8,969,951,372","1,145",22 menit lalu
" WSKT ",Waskita Karya (Persero) Tbk,"Jan 01, 1961","Dec 19, 2012","13,573,951,000",635,21 menit lalu
Tidak ada data yang ditemukan.
" AKSI ",Maming Enam Sembilan Mineral Tbk,"Feb 12, 1990","Jul 13, 2001","720,000,000",236,1 hari lalu
" APOL ",Arpeni Pratama Ocean Line Tbk,"Oct 04, 1975","Jun 22, 2005","16,452,282,461",50,5 hari lalu
" ASSA ",Adi Sarana Armada Tbk,"Dec 17, 1999","Nov 12, 2012","3,397,500,000",320,23 menit lalu
" AUTO ",Astra Otoparts Tbk,"Sep 20, 1991","Jun 15, 1998","4,819,733,000",810,22 menit lalu
" BALI ",Bali Towerindo Sentra Tbk,"Jul 06, 2006","Mar 13, 2014","3,934,592,500",645,1 hari lalu
" BBRM ",Pelayaran Nasional Bina Buana Raya Tbk,"Feb 07, 1998","Jan 09, 2013","5,367,076,248",50,1 hari lalu
" BESS ",Batulicin Nusantara Maritim Tbk,"May 25, 2011","Mar 09, 2020","3,400,000,000",244,26 menit lalu
" BIRD ",Blue Bird Tbk,"Mar 29, 2001","Nov 05, 2014","2,502,100,000","1,015",28 menit lalu
" BLTA ",Berlian Laju Tanker Tbk,"Mar 12, 1981","Mar 26, 1990","25,940,187,103",50,1 hari lalu
" BPTR ",Batavia Prosperindo Trans Tbk,"Dec 08, 2014","Jul 09, 2018","1,550,000,000",86,1 jam lalu
" BTEL ",Bakrie Telecom Tbk,"Aug 13, 1993","Feb 03, 2006","36,822,665,755",50,1 hari lalu
" BUKK ",Bukaka Teknik Utama Tbk,"Oct 25, 1978","Jun 29, 2015","2,640,452,000","1,180",50 menit lalu
" BULL ",Buana Lintas Lautan Tbk,"May 12, 2005","May 23, 2011","11,815,246,529",161,27 menit lalu
" CANI ",Capitol Nusantara Indonesia Tbk,"Aug 31, 2004","Jan 16, 2014","833,440,000",206,1 hari lalu
" CASS ",Cardig Aero Services Tbk,"Jul 16, 2009","Dec 05, 2011","2,086,950,000",540,1 hari lalu
" CENT ",Centratama Telekomunikasi Indonesia Tbk,"Feb 11, 1987","Nov 01, 2001","31,183,464,900",52,24 menit lalu
" CMNP ",Citra Marga Nusaphala Persada Tbk,"Apr 13, 1987","Jan 10, 1995","3,620,831,944","1,595",1 hari lalu
" CMPP ",AirAsia Indonesia Tbk,"Jul 25, 1989","Dec 08, 1994","10,685,124,441",184,1 hari lalu
" DEAL ",Dewata Freightinternational Tbk,"Jan 14, 1995","Nov 09, 2018","1,132,748,008",159,22 menit lalu
" EXCL ",XL Axiata Tbk,"Oct 06, 1989","Sep 29, 2005","10,706,012,530","2,230",22 menit lalu
" KEEN ",Kencana Energi Lestari Tbk,"May 05, 2008","Sep 02, 2019","3,666,312,500",368,33 menit lalu
" KOPI ",Mitra Energi Persada Tbk,"Feb 24, 1981","May 04, 2015","697,266,668",585,1 hari lalu
" LAPD ",Leyand International Tbk,"Jun 07, 1990","Jul 17, 2001","3,966,350,139",50,1 hari lalu
" MPOW ",Megapower Makmur Tbk,"Aug 01, 2007","Jul 05, 2017","816,997,053",53,1 jam lalu
" PGAS ",Perusahaan Gas Negara (Persero) Tbk,"Feb 01, 2005","Dec 15, 2003","24,241,508,196",875,22 menit lalu
" POWR ",Cikarang Listrindo Tbk,"Jul 28, 1990","Jun 14, 2016","16,087,156,000",625,23 menit lalu
" RAJA ",Rukun Raharja Tbk,"Dec 24, 1993","Apr 19, 2006","4,227,082,500",102,23 menit lalu
" TGRA ",Terregra Asia Energy Tbk,"Nov 07, 1995","May 16, 2017","2,750,000,000",64,33 menit lalu
" CASS ",Cardig Aero Services Tbk,"Jul 16, 2009","Dec 05, 2011","2,086,950,000",540,1 hari lalu
" CMNP ",Citra Marga Nusaphala Persada Tbk,"Apr 13, 1987","Jan 10, 1995","3,620,831,944","1,595",1 hari lalu
" IPCC ",Indonesia Kendaraan Terminal Tbk,"Nov 05, 2012","Jul 09, 2018","1,818,384,820",332,22 menit lalu
" JSMR ",Jasa Marga (Persero) Tbk,"Mar 01, 1978","Nov 12, 2007","7,257,871,200","3,020",22 menit lalu
" KARW ",ICTSI Jasa Prima Tbk,"Feb 18, 1978","Dec 20, 1994","587,152,700",50,23 menit lalu
" TEBE ",Dana Brata Luhur Tbk,"Jun 26, 2008","Nov 18, 2019","1,285,000,000","1,630",57 menit lalu
" BTEL ",Bakrie Telecom Tbk,"Aug 13, 1993","Feb 03, 2006","36,822,665,755",50,1 hari lalu
" EXCL ",XL Axiata Tbk,"Oct 06, 1989","Sep 29, 2005","10,706,012,530","2,230",22 menit lalu
" FREN ",Smartfren Telecom Tbk,"Dec 16, 2002","Nov 29, 2006","217,964,239,620",89,22 menit lalu
" ISAT ",Indosat Tbk,"Nov 10, 1967","Oct 19, 1994","5,433,933,500","1,945",22 menit lalu
" JAST ",Jasnita Telekomindo Tbk,"Jan 25, 1996","May 16, 2019","813,626,700",380,33 menit lalu
" OASA ",Protech Mitra Perkasa Tbk,"Apr 20, 2006","Jul 18, 2016","358,600,000",280,1 hari lalu
" TLKM ",Telekomunikasi Indonesia (Persero) Tbk,"Sep 24, 1991","Nov 14, 1995","99,062,216,600","3,090",22 menit lalu
" AKSI ",Maming Enam Sembilan Mineral Tbk,"Feb 12, 1990","Jul 13, 2001","720,000,000",236,1 hari lalu
" APOL ",Arpeni Pratama Ocean Line Tbk,"Oct 04, 1975","Jun 22, 2005","16,452,282,461",50,5 hari lalu
" ASSA ",Adi Sarana Armada Tbk,"Dec 17, 1999","Nov 12, 2012","3,397,500,000",320,23 menit lalu
" BBRM ",Pelayaran Nasional Bina Buana Raya Tbk,"Feb 07, 1998","Jan 09, 2013","5,367,076,248",50,1 hari lalu
" BESS ",Batulicin Nusantara Maritim Tbk,"May 25, 2011","Mar 09, 2020","3,400,000,000",244,26 menit lalu
" BIRD ",Blue Bird Tbk,"Mar 29, 2001","Nov 05, 2014","2,502,100,000","1,015",28 menit lalu
" BLTA ",Berlian Laju Tanker Tbk,"Mar 12, 1981","Mar 26, 1990","25,940,187,103",50,1 hari lalu
" BPTR ",Batavia Prosperindo Trans Tbk,"Dec 08, 2014","Jul 09, 2018","1,550,000,000",86,1 jam lalu
" BULL ",Buana Lintas Lautan Tbk,"May 12, 2005","May 23, 2011","11,815,246,529",161,27 menit lalu
" CANI ",Capitol Nusantara Indonesia Tbk,"Aug 31, 2004","Jan 16, 2014","833,440,000",206,1 hari lalu
" CMPP ",AirAsia Indonesia Tbk,"Jul 25, 1989","Dec 08, 1994","10,685,124,441",184,1 hari lalu
" DEAL ",Dewata Freightinternational Tbk,"Jan 14, 1995","Nov 09, 2018","1,132,748,008",159,22 menit lalu
" GIAA ",Garuda Indonesia (Persero) Tbk,"Mar 31, 1950","Feb 11, 2011","25,886,576,254",212,22 menit lalu
" HELI ",Jaya Trishindo Tbk,"Apr 16, 2007","Mar 27, 2018","819,000,000",175,25 menit lalu
" HITS ",Humpuss Intermoda Transportasi Tbk,"Dec 21, 1992","Dec 15, 1997","7,101,084,801",600,1 jam lalu
" IATA ",Indonesia Transport & Infrastructure Tbk,"Sep 10, 1968","Sep 13, 2006","10,697,665,114",50,1 hari lalu
" IPCM ",Jasa Armada Indonesia Tbk,"Jul 10, 2013","Dec 22, 2017","5,284,811,100",136,37 menit lalu
" JAYA ",Armada Berjaya Trans Tbk,"May 30, 2012","Feb 21, 2019","375,000,105",55,48 menit lalu
" KJEN ",Krida Jaringan Nusantara Tbk,"Oct 01, 1998","Jul 01, 2019","500,000,000","1,260",1 hari lalu
" LEAD ",Logindo Samudramakmur Tbk,"Aug 23, 1995","Dec 11, 2013","4,049,616,328",50,1 hari lalu
" BALI ",Bali Towerindo Sentra Tbk,"Jul 06, 2006","Mar 13, 2014","3,934,592,500",645,1 hari lalu
" BUKK ",Bukaka Teknik Utama Tbk,"Oct 25, 1978","Jun 29, 2015","2,640,452,000","1,180",50 menit lalu
" CENT ",Centratama Telekomunikasi Indonesia Tbk,"Feb 11, 1987","Nov 01, 2001","31,183,464,900",52,24 menit lalu
" GHON ",Gihon Telekomunikasi Indonesia Tbk,"Apr 27, 2001","Apr 09, 2018","550,000,000","1,540",1 hari lalu
" GOLD ",Visi Telekomunikasi Infrastruktur Tbk,"Nov 08, 1995","Jul 07, 2010","1,277,276,000",198,26 menit lalu
" IBST ",Inti Bangun Sejahtera Tbk,"Apr 28, 2006","Aug 31, 2012","1,350,904,927","8,300",1 hari lalu
" LCKM ",LCK Global Kedaton Tbk,"Jul 31, 2013","Jan 16, 2018","1,000,000,000",324,50 menit lalu
" MTPS ",Meta Epsi Tbk,"May 16, 1975","Apr 10, 2019","2,084,775,379",336,1 hari lalu
" PPRE ",PP Presisi Tbk,"May 26, 2004","Nov 24, 2017","10,224,271,000",132,22 menit lalu
" PTPW ",Pratama Widya Tbk,"Jun 03, 1981","Feb 07, 2020","878,187,500",605,1 hari lalu
" SUPR ",Solusi Tunas Pratama Tbk,"Jul 25, 2006","Oct 11, 2011","1,137,579,698","4,000",1 minggu lalu
" TBIG ",Tower Bersama Infrastructure Tbk,"Nov 08, 2004","Oct 26, 2010","22,656,999,445",910,22 menit lalu
" TOWR ",Sarana Menara Nusantara Tbk,"Jun 02, 2008","Mar 08, 2010","51,014,625,000",700,23 menit lalu
" AUTO ",Astra Otoparts Tbk,"Sep 20, 1991","Jun 15, 1998","4,819,733,000",810,22 menit lalu
" GJTL ",Gajah Tunggal Tbk,"Aug 24, 1951","May 08, 1990","3,484,800,000",346,25 menit lalu
" IMAS ",Indomobil Sukses Internasional Tbk,"Mar 20, 1987","Sep 15, 1993","2,765,278,412",555,25 menit lalu
" PTIS ",Indo Straits Tbk,"Jan 21, 1985","Jul 12, 2011","550,165,300",64,1 hari lalu
" WINS ",Wintermar Offshore Marine Tbk,"Dec 18, 1995","Nov 29, 2010","4,243,011,640",99,1 minggu lalu
" ABDA ",Asuransi Bina Dana Arta Tbk,"Oct 12, 1982","Jul 06, 1989","620,806,680","5,575",1 hari lalu
" ADMF ",Adira Dinamika Multi Finance Tbk,"Nov 13, 1990","Mar 31, 2004","1,000,000,000","7,975",22 menit lalu
" AGRO ",Bank Rakyat Indonesia Agroniaga Tbk,"Sep 27, 1989","Aug 08, 2003","21,129,857,328",102,23 menit lalu
" AGRS ",Bank IBK Indonesia Tbk,"Dec 07, 1970","Dec 22, 2014","7,037,266,148",139,22 menit lalu
" AHAP ",Asuransi Harta Aman Pratama Tbk,"May 28, 1982","Sep 14, 1990","2,940,000,000",51,1 jam lalu
" AMAG ",Asuransi Multi Artha Guna Tbk,"Nov 14, 1980","Dec 23, 2005","5,001,552,516",278,1 hari lalu
" AMAR ",Bank Amar Indonesia Tbk,"Mar 15, 1991","Jan 09, 2020","7,954,749,000",188,1 hari lalu
" AMOR ",Ashmore Asset Management Indonesia Tbk,"Jan 29, 2010","Jan 14, 2020","1,111,111,200","2,190",1 hari lalu
" APIC ",Pacific Strategic Financial Tbk,"Feb 22, 1989","Dec 18, 2002","11,766,313,488",780,1 hari lalu
" ARTO ",Bank Artos Indonesia Tbk,"May 01, 1992","Jan 12, 2016","1,194,187,500",975,23 menit lalu
" ASBI ",Asuransi Bintang Tbk,"Mar 17, 1955","Nov 29, 1989","348,386,472",220,1 hari lalu
" ASDM ",Asuransi Dayin Mitra Tbk,"Apr 01, 1982","Dec 15, 1989","192,000,000",955,1 hari lalu
" ASJT ",Asuransi Jasa Tania Tbk,"Jun 25, 1979","Dec 23, 2003","600,000,000",107,31 menit lalu
" ASMI ",Asuransi Kresna Mitra Tbk,"Apr 24, 1956","Jan 16, 2014","8,958,380,460","1,190",1 hari lalu
" ASRM ",Asuransi Ramayana Tbk,"Aug 06, 1956","Mar 19, 1990","234,064,634","2,030",1 hari lalu
" BABP ",Bank MNC Internasional Tbk,"Jul 31, 1989","Jul 15, 2002","25,061,669,637",50,1 hari lalu
" BACA ",Bank Capital Indonesia Tbk,"Apr 20, 1989","Oct 04, 2007","6,999,771,107",392,40 menit lalu
" BBCA ",Bank Central Asia Tbk,"Aug 10, 1955","May 31, 2000","24,408,459,900","28,050",22 menit lalu
" BBHI ",Bank Harda Internasional Tbk,"Oct 21, 1992","Aug 12, 2015","4,142,587,477",81,41 menit lalu
" BBKP ",Bank Bukopin Tbk,"Jul 10, 1970","Jul 10, 2006","11,535,389,661",119,22 menit lalu
" AGRO ",Bank Rakyat Indonesia Agroniaga Tbk,"Sep 27, 1989","Aug 08, 2003","21,129,857,328",102,23 menit lalu
" AGRS ",Bank IBK Indonesia Tbk,"Dec 07, 1970","Dec 22, 2014","7,037,266,148",139,22 menit lalu
" AMAR ",Bank Amar Indonesia Tbk,"Mar 15, 1991","Jan 09, 2020","7,954,749,000",188,1 hari lalu
" ARTO ",Bank Artos Indonesia Tbk,"May 01, 1992","Jan 12, 2016","1,194,187,500",975,23 menit lalu
" BABP ",Bank MNC Internasional Tbk,"Jul 31, 1989","Jul 15, 2002","25,061,669,637",50,1 hari lalu
" BACA ",Bank Capital Indonesia Tbk,"Apr 20, 1989","Oct 04, 2007","6,999,771,107",392,40 menit lalu
" BBCA ",Bank Central Asia Tbk,"Aug 10, 1955","May 31, 2000","24,408,459,900","28,050",22 menit lalu
" BBHI ",Bank Harda Internasional Tbk,"Oct 21, 1992","Aug 12, 2015","4,142,587,477",81,41 menit lalu
" BBKP ",Bank Bukopin Tbk,"Jul 10, 1970","Jul 10, 2006","11,535,389,661",119,22 menit lalu
" BBMD ",Bank Mestika Dharma Tbk,"Apr 27, 1955","Jul 08, 2013","4,049,189,100","1,170",1 hari lalu
" BBNI ",Bank Negara Indonesia (Persero) Tbk,"Jul 05, 1946","Oct 28, 1996","18,462,169,893","4,160",22 menit lalu
" BBRI ",Bank Rakyat Indonesia (Persero) Tbk,"Dec 16, 1895","Nov 10, 2003","122,112,351,900","2,890",22 menit lalu
" BBTN ",Bank Tabungan Negara (Persero) Tbk,"Nov 30, 1934","Dec 17, 2009","10,484,100,000",980,22 menit lalu
" BBYB ",Bank Yudha Bhakti Tbk,"Sep 19, 1989","Jan 13, 2015","6,100,164,280",286,1 hari lalu
" BCIC ",Bank JTrust Indonesia Tbk,"May 30, 1989","Jun 25, 1997","9,912,003,256",450,1 hari lalu
" BDMN ",Bank Danamon Indonesia Tbk,"Jul 16, 1956","Dec 06, 1989","9,675,817,341","2,140",22 menit lalu
" BEKS ",Bank Pembangunan Daerah Banten Tbk,"Sep 11, 1992","Jul 13, 2001","63,468,336,053",50,56 menit lalu
" BGTG ",Bank Ganesha Tbk,"May 15, 1990","May 12, 2016","11,063,309,400",50,33 menit lalu
" BINA ",Bank Ina Perdana Tbk,"Feb 09, 1990","Jan 16, 2014","5,597,831,250",970,1 hari lalu
" BJBR ",Bank Pembangunan Daerah Jawa Barat dan Banten Tbk,"Apr 08, 1999","Jul 08, 2010","9,740,399,289",815,22 menit lalu
" ADMF ",Adira Dinamika Multi Finance Tbk,"Nov 13, 1990","Mar 31, 2004","1,000,000,000","7,975",22 menit lalu
" BBLD ",Buana Finance Tbk,"Jun 07, 1982","May 07, 1990","1,645,796,054",398,1 jam lalu
" BFIN ",BFI Finance Indonesia Tbk,"Apr 07, 1982","May 16, 1990","15,967,115,620",334,36 menit lalu
" BPFI ",Batavia Prosperindo Finance Tbk,"Dec 12, 1994","Jun 01, 2009","1,782,663,575","1,180",1 hari lalu
" CFIN ",Clipan Finance Indonesia Tbk,"Jan 15, 1982","Oct 02, 1990","3,984,520,457",190,1 hari lalu
" DEFI ",Danasupra Erapacific Tbk,"Nov 11, 1994","Jul 06, 2001","687,266,666","1,865",43 menit lalu
" FINN ",First Indo American Leasing Tbk,"Jul 03, 1981","Jun 08, 2017","1,860,225,000",50,1 hari lalu
" FUJI ",Fuji Finance Indonesia Tbk,"Sep 21, 1982","Jul 09, 2019","1,105,000,000",105,1 hari lalu
" GSMF ",Equity Development Investment Tbk,"Nov 01, 1982","Oct 13, 1989","7,454,723,337",116,1 jam lalu
" HDFA ",Radana Bhaskara Finance Tbk,"Sep 20, 1972","May 10, 2011","6,096,972,783",126,57 menit lalu
" IBFN ",Intan Baruprana Finance Tbk,"Sep 04, 1991","Dec 22, 2014","1,517,321,249",350,1 jam lalu
" IMJS ",Indomobil Multi Jasa Tbk,"Dec 14, 2004","Dec 10, 2013","5,769,550,000",168,57 menit lalu
" MFIN ",Mandala Multifinance Tbk,"Aug 13, 1983","Sep 06, 2005","2,650,000,000","1,240",1 hari lalu
" POLA ",Pool Advista Finance Tbk,"May 21, 2001","Nov 16, 2018","2,727,886,300",54,26 menit lalu
" TIFA ",Tifa Finance Tbk,"Jun 14, 1989","Jul 08, 2011","1,079,700,000",189,1 minggu lalu
" TRUS ",Trust Finance Indonesia Tbk,"Feb 12, 1990","Nov 28, 2002","800,000,000",380,1 minggu lalu
" VRNA ",Verena Multi Finance Tbk,"Nov 04, 1994","Jun 25, 2008","5,687,353,997",135,1 jam lalu
" WOMF ",Wahana Ottomitra Multiartha Tbk,"Mar 23, 1982","Dec 13, 2004","3,481,481,480",198,25 menit lalu
" AMOR ",Ashmore Asset Management Indonesia Tbk,"Jan 29, 2010","Jan 14, 2020","1,111,111,200","2,190",1 hari lalu
" PADI ",Minna Padi Investama Sekuritas Tbk,"May 28, 1998","Jan 09, 2012","11,307,246,524",50,1 jam lalu
" PANS ",Panin Sekuritas Tbk,"Jul 27, 1989","May 31, 2000","720,000,000",930,23 menit lalu
" RELI ",Reliance Sekuritas Indonesia Tbk,"Feb 22, 1993","Jul 13, 2005","1,800,000,000",228,1 hari lalu
" TRIM ",Trimegah Sekuritas Indonesia Tbk,"May 09, 1990","Jan 31, 2000","7,109,300,000",128,1 jam lalu
" UNIT ",Nusantara Inti Corpora Tbk,"May 30, 1988","Apr 18, 2002","75,422,200",146,1 minggu lalu
" YULE ",Yulie Sekuritas Indonesia Tbk,"Aug 08, 1989","Dec 10, 2004","1,785,000,000",248,1 jam lalu
" ABDA ",Asuransi Bina Dana Arta Tbk,"Oct 12, 1982","Jul 06, 1989","620,806,680","5,575",1 hari lalu
" AHAP ",Asuransi Harta Aman Pratama Tbk,"May 28, 1982","Sep 14, 1990","2,940,000,000",51,1 jam lalu
" AMAG ",Asuransi Multi Artha Guna Tbk,"Nov 14, 1980","Dec 23, 2005","5,001,552,516",278,1 hari lalu
" ASBI ",Asuransi Bintang Tbk,"Mar 17, 1955","Nov 29, 1989","348,386,472",220,1 hari lalu
" ASDM ",Asuransi Dayin Mitra Tbk,"Apr 01, 1982","Dec 15, 1989","192,000,000",955,1 hari lalu
" ASJT ",Asuransi Jasa Tania Tbk,"Jun 25, 1979","Dec 23, 2003","600,000,000",107,31 menit lalu
" ASMI ",Asuransi Kresna Mitra Tbk,"Apr 24, 1956","Jan 16, 2014","8,958,380,460","1,190",1 hari lalu
" ASRM ",Asuransi Ramayana Tbk,"Aug 06, 1956","Mar 19, 1990","234,064,634","2,030",1 hari lalu
" JMAS ",Asuransi Jiwa Syariah Jasa Mitra Abadi Tbk,"Aug 15, 2014","Dec 18, 2017","1,000,000,000",296,32 menit lalu
" LIFE ",Asuransi Jiwa Sinarmas MSIG Tbk,"Jul 17, 1984","Jul 09, 2019","2,100,000,000","5,500",1 hari lalu
" LPGI ",Lippo General Insurance Tbk,"Sep 06, 1963","Jul 22, 1997","150,000,000","3,650",1 hari lalu
" MREI ",Maskapai Reasuransi Indonesia Tbk,"Jun 04, 1953","Sep 04, 1989","517,791,681","5,675",43 menit lalu
" MTWI ",Malacca Trust Wuwungan Insurance Tbk,"Dec 15, 1952","Oct 11, 2017","1,525,819,116",50,1 hari lalu
" PNIN ",Paninvest Tbk,"Oct 24, 1973","Sep 20, 1983","4,068,323,920",710,44 menit lalu
" PNLF ",Panin Financial Tbk,"Jul 19, 1974","Jun 14, 1993","32,022,073,293",200,22 menit lalu
" TUGU ",Asuransi Tugu Pratama Indonesia Tbk,"Nov 25, 1981","May 28, 2018","1,777,777,800","3,250",1 minggu lalu
" VINS ",Victoria Insurance Tbk,"May 11, 1978","Sep 28, 2015","1,456,606,201",129,22 menit lalu
" APIC ",Pacific Strategic Financial Tbk,"Feb 22, 1989","Dec 18, 2002","11,766,313,488",780,1 hari lalu
" BCAP ",MNC Kapital Indonesia Tbk,"Jul 15, 1999","Jun 08, 2001","39,760,851,927",166,32 menit lalu
" BHIT ",MNC Investama Tbk,"Nov 02, 1989","Nov 24, 1997","67,767,400,934",52,22 menit lalu
" BPII ",Batavia Prosperindo Internasional Tbk,"Nov 12, 1998","Jul 08, 2014","562,224,662","10,000",1 hari lalu
" CASA ",Capital Financial Indonesia Tbk,"Jun 04, 2009","Jul 19, 2016","54,476,242,942",382,1 hari lalu
" LPPS ",Lippo Securities Tbk,"Jun 20, 1989","Mar 28, 1994","2,588,250,000",68,23 menit lalu
" RODA ",Pikko Land Development Tbk,"Oct 15, 1984","Oct 22, 2001","13,592,128,209",50,22 menit lalu
" SMMA ",Sinarmas Multiartha Tbk,"Oct 21, 1982","Jul 05, 1995","6,367,664,717","13,500",1 minggu lalu
" VICO ",Victoria Investama Tbk,"Oct 26, 1989","Jul 08, 2013","9,150,094,680",105,1 jam lalu
" ABBA ",Mahaka Media Tbk,"Nov 28, 1992","Apr 03, 2002","2,755,125,000",53,24 menit lalu
" ABMM ",ABM Investama Tbk,"Jun 01, 2006","Dec 06, 2011","2,753,165,000","1,445",1 hari lalu
" ACES ",Ace Hardware Indonesia Tbk,"Feb 03, 1995","Nov 06, 2007","17,150,000,000","1,240",22 menit lalu
" AGAR ",Asia Sejahtera Mina Tbk,"Aug 27, 2008","Dec 02, 2019","1,000,000,000",434,35 menit lalu
" AIMS ",Akbar Indo Makmur Stimec Tbk,"May 07, 1997","Jul 20, 2001","220,000,000",180,1 hari lalu
" AKKU ",Anugerah Kagum Karya Utama Tbk,"Apr 05, 2001","Nov 01, 2004","6,449,463,636",50,1 hari lalu
" AKRA ",AKR Corporindo Tbk,"Nov 28, 1977","Oct 03, 1994","4,014,694,920","2,010",22 menit lalu
" ALKA ",Alakasa Industrindo Tbk,"Feb 21, 1972","Jul 12, 1990","507,665,055",360,1 jam lalu
" AMRT ",Sumber Alfaria Trijaya Tbk,"Feb 22, 1989","Jan 15, 2009","41,524,501,700",820,23 menit lalu
" APII ",Arita Prima Indonesia Tbk,"Oct 05, 2000","Oct 29, 2013","1,075,760,000",206,1 hari lalu
" ARTA ",Arthavest Tbk,"Jun 29, 1990","Nov 05, 2002","446,674,175",372,1 hari lalu
" ASGR ",Astra Graphia Tbk,"Oct 31, 1975","Nov 15, 1989","1,348,780,500",870,50 menit lalu
" ATIC ",Anabatic Technologies Tbk,"Nov 01, 2001","Jul 08, 2015","2,315,361,355",670,1 hari lalu
" AYLS ",Agro Yasa Lestari Tbk,"Dec 15, 2010","Feb 12, 2020","853,423,200",51,23 menit lalu
" BAYU ",Bayu Buana Tbk,"Oct 17, 1972","Oct 30, 1989","353,220,780","1,115",1 jam lalu
" BLTZ ",Graha Layar Prima Tbk,"Feb 03, 2004","Apr 10, 2014","873,937,142","3,250",1 hari lalu
" BLUE ",Berkah Prima Perkasa Tbk,"Jun 24, 2014","Jul 08, 2019","418,000,000",474,23 menit lalu
" BMSR ",Bintang Mitra Semestaraya Tbk,"Nov 16, 1989","Dec 29, 1999","1,159,200,024",55,1 hari lalu
" BMTR ",Global Mediacom Tbk,"Jun 30, 1981","Jul 17, 1995","15,334,511,286",224,22 menit lalu
" BNBR ",Bakrie & Brothers Tbk,"Mar 13, 1951","Aug 28, 1989","20,863,053,480",50,59 menit lalu
" AGAR ",Asia Sejahtera Mina Tbk,"Aug 27, 2008","Dec 02, 2019","1,000,000,000",434,35 menit lalu
" AIMS ",Akbar Indo Makmur Stimec Tbk,"May 07, 1997","Jul 20, 2001","220,000,000",180,1 hari lalu
" AKRA ",AKR Corporindo Tbk,"Nov 28, 1977","Oct 03, 1994","4,014,694,920","2,010",22 menit lalu
" APII ",Arita Prima Indonesia Tbk,"Oct 05, 2000","Oct 29, 2013","1,075,760,000",206,1 hari lalu
" AYLS ",Agro Yasa Lestari Tbk,"Dec 15, 2010","Feb 12, 2020","853,423,200",51,23 menit lalu
" BLUE ",Berkah Prima Perkasa Tbk,"Jun 24, 2014","Jul 08, 2019","418,000,000",474,23 menit lalu
" BMSR ",Bintang Mitra Semestaraya Tbk,"Nov 16, 1989","Dec 29, 1999","1,159,200,024",55,1 hari lalu
" BOGA ",Bintang Oto Global Tbk,"Sep 28, 2011","Dec 18, 2016","3,803,526,210","1,550",1 hari lalu
" CARS ",Industri dan Perdagangan Bintraco Dharma Tbk,"Jun 01, 1969","Apr 10, 2017","15,000,000,000",63,22 menit lalu
" CLPI ",Colorpak Indonesia Tbk,"Sep 15, 1988","Nov 30, 2001","306,338,500",600,57 menit lalu
" DPUM ",Dua Putra Utama Makmur Tbk,"May 09, 2012","Dec 08, 2015","4,175,000,000",86,1 hari lalu
" DWGL ",Dwi Guna Laksana Tbk,"Nov 10, 1986","Dec 13, 2017","8,710,463,631",230,53 menit lalu
" EPMT ",Enseval Putera Megatrading Tbk,"Oct 16, 2001","Aug 01, 1994","2,708,640,000","2,000",1 hari lalu
" FISH ",FKS Multi Agro Tbk,"Jun 27, 1992","Jan 18, 2002","480,000,000","2,000",1 hari lalu
" GREN ",Evergreen Invesco Tbk,"Dec 18, 2003","Jul 09, 2010","4,694,111,791",328,1 hari lalu
" HADE ",Himalaya Energi Perkasa Tbk,"Feb 10, 1989","Apr 12, 2004","2,120,000,000",50,1 hari lalu
" HDIT ",Hensel Davest Indonesia Tbk,"Jan 07, 2013","Jul 12, 2019","1,524,680,000",615,50 menit lalu
" HEXA ",Hexindo Adiperkasa Tbk,"Nov 28, 1988","Feb 13, 1995","840,000,000","2,310",36 menit lalu
" HKMU ",HK Metals Utama Tbk,"Dec 13, 2010","Oct 09, 2018","3,221,750,000",109,25 menit lalu
" INPS ",Indah Prakasa Sentosa Tbk,"Apr 06, 1990","Apr 06, 2018","650,000,000","3,570",24 menit lalu
" ACES ",Ace Hardware Indonesia Tbk,"Feb 03, 1995","Nov 06, 2007","17,150,000,000","1,240",22 menit lalu
" AMRT ",Sumber Alfaria Trijaya Tbk,"Feb 22, 1989","Jan 15, 2009","41,524,501,700",820,23 menit lalu
" CSAP ",Catur Sentosa Adiprana Tbk,"Dec 31, 1983","Dec 12, 2007","4,458,352,920",350,1 hari lalu
" DAYA ",Duta Intidaya Tbk,"Jun 16, 2005","Jun 28, 2016","2,420,547,025",460,1 hari lalu
" DIVA ",Distribusi Voucher Nusantara Tbk,"May 11, 2004","Nov 27, 2018","714,285,700",930,1 hari lalu
" DNET ",Indoritel Makmur Internasional Tbk,"Nov 16, 1995","Dec 11, 2000","14,184,000,000","3,500",1 hari lalu
" ECII ",Electronic City Indonesia Tbk,"Apr 29, 2002","Jul 03, 2013","1,334,333,000",700,25 menit lalu
" ERAA ",Erajaya Swasembada Tbk,"Oct 08, 1996","Dec 14, 2011","3,190,000,000","1,155",22 menit lalu
" GLOB ",Global Teleshop Tbk,"Mar 01, 2007","Jul 10, 2012","1,111,112,000",350,1 hari lalu
" HERO ",Hero Supermarket Tbk,"Oct 05, 1971","Dec 02, 1989","4,183,634,000",805,1 hari lalu
" KIOS ",Kioson Komersial Indonesia Tbk,"Jun 29, 2015","Oct 05, 2017","717,239,900",180,50 menit lalu
" KOIN ",Kokoh Inti Arebama Tbk,"Jan 01, 2001","Apr 09, 2008","980,843,732",105,1 hari lalu
" LPPF ",Matahari Department Store Tbk,"Apr 01, 1982","Oct 09, 1989","2,804,883,280","1,395",22 menit lalu
" MAPA ",MAP Aktif Adiperkasa Tbk,"Mar 11, 2015","Jul 05, 2018","2,850,400,000","1,600",23 menit lalu
" MAPI ",Mitra Adiperkasa Tbk,"Jan 23, 1995","Nov 10, 2004","16,600,000,000",565,22 menit lalu
" MCAS ",M Cash Integrasi Tbk,"Jun 10, 2010","Nov 01, 2017","867,933,300",995,52 menit lalu
" MIDI ",Midi Utama Indonesia Tbk,"Jun 28, 2007","Nov 30, 2010","2,882,353,000","1,250",1 hari lalu
" MKNT ",Mitra Komunikasi Nusantara Tbk,"Jul 14, 2008","Oct 26, 2015","5,000,000,000",50,1 hari lalu
" MPPA ",Matahari Putra Prima Tbk,"Mar 11, 1986","Dec 21, 1992","7,529,147,920",97,23 menit lalu
" NFCX ",NFC Indonesia Tbk,"Aug 26, 2013","Jul 12, 2018","666,667,500","2,330",36 menit lalu
" AKKU ",Anugerah Kagum Karya Utama Tbk,"Apr 05, 2001","Nov 01, 2004","6,449,463,636",50,1 hari lalu
" ARTA ",Arthavest Tbk,"Jun 29, 1990","Nov 05, 2002","446,674,175",372,1 hari lalu
" BAYU ",Bayu Buana Tbk,"Oct 17, 1972","Oct 30, 1989","353,220,780","1,115",1 jam lalu
" BUVA ",Bukit Uluwatu Villa Tbk,"Dec 15, 2000","Jul 12, 2010","6,811,269,200",59,26 menit lalu
" CLAY ",Citra Putra Realty Tbk,"Dec 16, 2009","Jan 18, 2019","2,570,000,000","2,330",1 jam lalu
" DFAM ",Dafam Property Indonesia Tbk,"Jul 07, 2010","Apr 27, 2018","1,899,596,590",302,24 menit lalu
" DUCK ",Jaya Bersama Indo Tbk,"Mar 19, 2013","Oct 10, 2018","1,283,330,000",418,26 menit lalu
" EAST ",Eastparc Hotel Tbk,"Jul 26, 2011","Jul 09, 2019","4,126,366,095",58,27 menit lalu
" ESTA ",Esta Multi Usaha Tbk,"Sep 30, 2011","Mar 09, 2020","630,000,000",119,22 menit lalu
" FAST ",Fast Food Indonesia Tbk,"Jun 19, 1978","May 11, 1993","3,990,277,158","1,020",24 menit lalu
" FITT ",Hotel Fitra International Tbk,"Jan 24, 2014","Jun 11, 2019","600,000,005",54,1 jam lalu
" HOME ",Hotel Mandarine Regency Tbk,"Oct 28, 1986","Jul 17, 2008","22,212,194,782",50,1 hari lalu
" HOTL ",Saraswati Griya Lestari Tbk,"Mar 23, 2006","Jan 10, 2013","3,550,001,452",82,1 hari lalu
" HRME ",Menteng Heritage Realty Tbk,"Jun 28, 2007","Apr 12, 2019","5,958,750,000",402,33 menit lalu
" ICON ",Island Concepts Indonesia Tbk,"Jul 11, 2001","Jul 08, 2005","1,089,750,000",56,31 menit lalu
" IKAI ",Intikeramik Alamasri Industri Tbk,"Jun 26, 1991","Jun 04, 1997","13,305,799,387",50,1 hari lalu
" INPP ",Indonesian Paradise Property Tbk,"Jun 14, 1996","Dec 01, 2004","11,181,971,732",800,1 jam lalu
" JGLE ",Graha Andrasentra Propertindo Tbk,"Jun 15, 1988","Jun 29, 2016","22,581,909,405",50,1 hari lalu
" JIHD ",Jakarta International Hotels & Development Tbk,"Nov 07, 1969","Feb 29, 1984","2,329,040,482",488,1 hari lalu
" JSPT ",Jakarta Setiabudi Internasional Tbk,"Jul 02, 1998","Jan 12, 1998","2,318,736,000",920,1 hari lalu
" ABBA ",Mahaka Media Tbk,"Nov 28, 1992","Apr 03, 2002","2,755,125,000",53,24 menit lalu
" BLTZ ",Graha Layar Prima Tbk,"Feb 03, 2004","Apr 10, 2014","873,937,142","3,250",1 hari lalu
" DMMX ",Digital Mediatama Maxima Tbk,"Sep 15, 2015","Oct 21, 2019","7,692,307,700",65,26 menit lalu
" EMTK ",Elang Mahkota Teknologi Tbk,"Aug 03, 1983","Jan 12, 2010","5,642,275,242","4,990",1 hari lalu
" FILM ",MD Pictures Tbk,"Aug 01, 2002","Aug 07, 2018","9,511,217,000",164,22 menit lalu
" IPTV ",MNC Vision Networks Tbk,"Dec 27, 2006","Jul 08, 2019","37,136,372,639",406,30 menit lalu
" JTPE ",Jasuindo Tiga Perkasa Tbk,"Nov 10, 1990","Apr 16, 2002","1,713,012,500",830,1 jam lalu
" KBLV ",First Media Tbk,"Jan 06, 1994","Feb 25, 2000","1,742,167,907",350,1 hari lalu
" LINK ",Link Net Tbk,"Mar 14, 1996","Jun 02, 2014","2,863,195,484","2,410",23 menit lalu
" LPLI ",Star Pacific Tbk,"May 28, 1983","Oct 23, 1989","1,170,432,803",77,29 menit lalu
" MARI ",Mahaka Radio Integra Tbk,"Jul 04, 2006","Feb 11, 2016","5,252,644,000",137,1 jam lalu
" MDIA ",Intermedia Capital Tbk,"Feb 25, 2008","Apr 11, 2014","39,215,538,400",50,1 hari lalu
" MNCN ",Media Nusantara Citra Tbk,"Jun 17, 1997","Jun 22, 2007","14,276,103,500","1,020",22 menit lalu
" MSIN ",MNC Studios International Tbk,"Jul 13, 2000","Jun 08, 2018","5,202,000,000",346,1 hari lalu
" MSKY ",MNC Sky Vision Tbk,"Aug 08, 1988","Jul 09, 2012","1,994,370,480","1,200",1 hari lalu
" SCMA ",Surya Citra Media Tbk,"Jan 29, 1999","Jul 16, 2002","14,774,672,301",815,22 menit lalu
" TMPO ",Tempo Inti Media Tbk,"Aug 27, 1996","Jan 08, 2001","1,058,333,250",159,1 minggu lalu
" VIVA ",Visi Media Asia Tbk,"Nov 08, 2004","Nov 21, 2011","16,464,270,400",50,1 jam lalu
" CARE ",Metro Healthcare Indonesia Tbk,"Oct 07, 2015","Mar 13, 2020","33,250,000,000",334,22 menit lalu
" HEAL ",Medikaloka Hermina Tbk,"Apr 25, 1985","May 16, 2018","2,973,000,000","2,500",24 menit lalu
" MIKA ",Mitra Keluarga Karyasehat Tbk,"Jan 03, 1995","Mar 24, 2015","14,246,349,500","1,970",23 menit lalu
" OCAP ",Onix Capital Tbk,"Oct 06, 1989","Nov 10, 2003","273,200,000",140,42 menit lalu
" PRDA ",Prodia Widyahusada Tbk,"Feb 07, 1988","Dec 07, 2016","937,500,000","3,350",1 hari lalu
" PRIM ",Royal Prima Tbk,"Feb 14, 2013","May 15, 2018","3,393,432,654",290,1 hari lalu
" SAME ",Sarana Meditama Metropolitan Tbk,"Nov 13, 1984","Jan 11, 2013","5,900,000,000",140,1 hari lalu
" SILO ",Siloam International Hospitals Tbk,"Aug 03, 1996","Sep 12, 2013","1,625,765,625","4,930",1 minggu lalu
" SRAJ ",Sejahteraraya Anugrahjaya Tbk,"May 20, 1991","Apr 11, 2011","12,000,705,445",180,36 menit lalu
" ASGR ",Astra Graphia Tbk,"Oct 31, 1975","Nov 15, 1989","1,348,780,500",870,50 menit lalu
" ATIC ",Anabatic Technologies Tbk,"Nov 01, 2001","Jul 08, 2015","2,315,361,355",670,1 hari lalu
" DIGI ",Arkadia Digital Media Tbk,"Mar 06, 2012","Sep 18, 2018","325,000,000","1,700",1 jam lalu
" ENVY ",Envy Technologies Indonesia Tbk,"Sep 27, 2004","Jul 08, 2019","1,800,000,000",93,25 menit lalu
" GLVA ",Galva Technologies Tbk,"Sep 01, 1991","Dec 23, 2019","1,500,000,000",226,59 menit lalu
" LMAS ",Limas Indonesia Makmur Tbk,"Jun 04, 1996","Dec 28, 2001","787,851,525",51,37 menit lalu
" LUCK ",Sentral Mitra Informatika Tbk,"Nov 14, 2008","Nov 28, 2018","715,749,640",416,25 menit lalu
" MLPL ",Multipolar Tbk,"Dec 04, 1975","Nov 06, 1989","14,639,632,470",51,26 menit lalu
" MLPT ",Multipolar Technology Tbk,"Dec 28, 2001","Jul 08, 2013","1,875,000,000",380,46 menit lalu
" MTDL ",Metrodata Electronics Tbk,"Feb 17, 1983","Apr 09, 1990","2,455,376,917","1,220",22 menit lalu
" ABMM ",ABM Investama Tbk,"Jun 01, 2006","Dec 06, 2011","2,753,165,000","1,445",1 hari lalu
" ALKA ",Alakasa Industrindo Tbk,"Feb 21, 1972","Jul 12, 1990","507,665,055",360,1 jam lalu
" BMTR ",Global Mediacom Tbk,"Jun 30, 1981","Jul 17, 1995","15,334,511,286",224,22 menit lalu
" BNBR ",Bakrie & Brothers Tbk,"Mar 13, 1951","Aug 28, 1989","20,863,053,480",50,59 menit lalu
" KREN ",Kresna Graha Investama Tbk,"Sep 10, 1999","Jun 28, 2002","18,208,470,100",246,23 menit lalu
" NICK ",Charnic Capital Tbk,"Sep 04, 2007","May 02, 2018","651,150,000",322,49 menit lalu
" PEGE ",Panca Global Kapital Tbk,"Aug 13, 1999","Jun 24, 2005","2,833,417,056",190,22 menit lalu
" PLAS ",Polaris Investama Tbk,"Jul 23, 1992","Mar 16, 2001","1,184,200,000",50,1 hari lalu
" SRTG ",Saratoga Investama Sedaya Tbk,"May 17, 1991","Jun 26, 2013","2,712,967,000","2,980",39 menit lalu
" BOLA ",Bali Bintang Sejahtera Tbk,"Dec 03, 2014","Jun 17, 2019","6,000,000,000",150,26 menit lalu
" DYAN ",Dyandra Media International Tbk,"Jul 24, 2007","Mar 25, 2013","4,272,964,279",50,22 menit lalu
" FORU ",Fortune Indonesia Tbk,"May 05, 1970","Jan 17, 2004","465,224,000",103,1 hari lalu
" GEMA ",Gema Grahasarana Tbk,"Dec 07, 1984","Aug 12, 2002","1,600,000,000",372,1 hari lalu
" INDS ",Indospring Tbk,"May 05, 1978","Aug 10, 1990","656,249,710","1,620",1 hari lalu
" INDX ",Tanah Laut Tbk,"Sep 19, 1991","May 17, 2001","437,913,588",50,1 jam lalu
" LPIN ",Multi Prima Sejahtera Tbk,"Jan 07, 1982","Feb 05, 1990","425,000,000",171,1 hari lalu
" MASA ",Multistrada Arah Sarana Tbk,"Jun 20, 1988","Jun 09, 2005","9,182,946,945",500,34 menit lalu
" MFMI ",Multifiling Mitra Indonesia Tbk,"Jul 09, 1992","Dec 29, 2010","757,581,000",400,23 menit lalu
" NIPS ",Nipress Tbk,"Apr 24, 1975","Jul 24, 1991","1,635,333,332",282,1 hari lalu
" POOL ",Pool Advista Indonesia Tbk,"Aug 26, 1958","May 20, 1991","2,341,366,264",50,23 menit lalu
" PRAS ",Prima Alloy Steel Universal Tbk,"Feb 20, 1984","Jul 12, 1990","701,043,478",160,23 menit lalu
" SFAN ",Surya Fajar Capital Tbk,"Apr 05, 2016","Jun 19, 2019","1,095,020,931",770,33 menit lalu
" SIMA ",Siwani Makmur Tbk,"Jun 07, 1985","Jun 03, 1994","442,589,871",50,1 minggu lalu
" SMSM ",Selamat Sempurna Tbk,"Jan 19, 1976","Sep 09, 1996","5,758,675,440","1,125",23 menit lalu
" SOSS ",Shield On Service Tbk,"Aug 05, 2004","Nov 06, 2018","655,974,505",388,25 menit lalu
" YELO ",Yelooo Integra Datanet Tbk,"Nov 01, 2017","Oct 29, 2018","380,043,597",50,35 menit lalu
